[0.000000] (-) TimerEvent: {}
[0.000246] (claw_machine_msgs) JobQueued: {'identifier': 'claw_machine_msgs', 'dependencies': OrderedDict()}
[0.000640] (keyboard_claw_controller) JobQueued: {'identifier': 'keyboard_claw_controller', 'dependencies': OrderedDict()}
[0.000727] (claw_machine_msgs) JobStarted: {'identifier': 'claw_machine_msgs'}
[0.005478] (keyboard_claw_controller) JobStarted: {'identifier': 'keyboard_claw_controller'}
[0.010224] (claw_machine_msgs) JobProgress: {'identifier': 'claw_machine_msgs', 'progress': 'cmake'}
[0.010415] (claw_machine_msgs) Command: {'cmd': ['/home/clawMachine/miniforge3/envs/ros_env/bin/cmake', '/home/clawMachine/code/claw_machine_ros2/src/claw_machine_msgs', '-DCMAKE_INSTALL_PREFIX=/home/clawMachine/code/claw_machine_ros2/install/claw_machine_msgs'], 'cwd': '/home/clawMachine/code/claw_machine_ros2/build/claw_machine_msgs', 'env': OrderedDict([('GJS_DEBUG_TOPICS', 'JS ERROR;JS LOG'), ('LESSOPEN', '| /usr/bin/lesspipe %s'), ('CONDA_PROMPT_MODIFIER', '(ros_env)'), ('USER', 'clawMachine'), ('LC_TIME', 'de_DE.UTF-8'), ('CXXFLAGS', '-fvisibility-inlines-hidden -fmessage-length=0 -march=nocona -mtune=haswell -ftree-vectorize -fPIC -fstack-protector-strong -fno-plt -O2 -ffunction-sections -pipe -isystem /home/clawMachine/miniforge3/envs/ros_env/include'), ('GCC_RANLIB', '/home/clawMachine/miniforge3/envs/ros_env/bin/x86_64-conda-linux-gnu-gcc-ranlib'), ('SSH_AGENT_PID', '2419'), ('XDG_SESSION_TYPE', 'x11'), ('OBJCOPY', '/home/clawMachine/miniforge3/envs/ros_env/bin/x86_64-conda-linux-gnu-objcopy'), ('DEBUG_CXXFLAGS', '-fvisibility-inlines-hidden -fmessage-length=0 -march=nocona -mtune=haswell -ftree-vectorize -fPIC -fstack-protector-all -fno-plt -Og -g -Wall -Wextra -fvar-tracking-assignments -ffunction-sections -pipe -isystem /home/clawMachine/miniforge3/envs/ros_env/include'), ('ROS_ETC_DIR', '/home/clawMachine/miniforge3/envs/ros_env/etc/ros'), ('SIZE', '/home/clawMachine/miniforge3/envs/ros_env/bin/x86_64-conda-linux-gnu-size'), ('SHLVL', '1'), ('LD_LIBRARY_PATH', '/home/clawMachine/miniforge3/envs/ros_env/opt/rviz_ogre_vendor/lib'), ('HOME', '/home/clawMachine'), ('CC_FOR_BUILD', '/home/clawMachine/miniforge3/envs/ros_env/bin/x86_64-conda-linux-gnu-cc'), ('CONDA_SHLVL', '2'), ('OLDPWD', '/home/clawMachine'), ('DESKTOP_SESSION', 'ubuntu'), ('CONDA_TOOLCHAIN_BUILD', 'x86_64-conda-linux-gnu'), ('F90', '/home/clawMachine/miniforge3/envs/ros_env/bin/x86_64-conda-linux-gnu-gfortran'), ('GIO_LAUNCHED_DESKTOP_FILE', '/usr/share/applications/terminator.desktop'), ('ROS_PYTHON_VERSION', '3'), ('GNOME_SHELL_SESSION_MODE', 'ubuntu'), ('GTK_MODULES', 'gail:atk-bridge'), ('LDFLAGS', '-Wl,-O2 -Wl,--sort-common -Wl,--as-needed -Wl,-z,relro -Wl,-z,now -Wl,--disable-new-dtags -Wl,--gc-sections -Wl,--allow-shlib-undefined -Wl,-rpath,/home/clawMachine/miniforge3/envs/ros_env/lib -Wl,-rpath-link,/home/clawMachine/miniforge3/envs/ros_env/lib -L/home/clawMachine/miniforge3/envs/ros_env/lib'), ('FC', '/home/clawMachine/miniforge3/envs/ros_env/bin/x86_64-conda-linux-gnu-gfortran'), ('STRINGS', '/home/clawMachine/miniforge3/envs/ros_env/bin/x86_64-conda-linux-gnu-strings'), ('LC_MONETARY', 'de_DE.UTF-8'), ('MANAGERPID', '2315'), ('DBUS_SESSION_BUS_ADDRESS', 'unix:path=/run/user/1002/bus'), ('COLORTERM', 'truecolor'), ('_CE_M', ''), ('CPP', '/home/clawMachine/miniforge3/envs/ros_env/bin/x86_64-conda-linux-gnu-cpp'), ('TERMINATOR_DBUS_NAME', 'net.tenshu.Terminator23558193cd9818af7fe4d2c2f5bd9d00f'), ('GIO_LAUNCHED_DESKTOP_FILE_PID', '9003'), ('F77', '/home/clawMachine/miniforge3/envs/ros_env/bin/x86_64-conda-linux-gnu-gfortran'), ('F95', '/home/clawMachine/miniforge3/envs/ros_env/bin/x86_64-conda-linux-gnu-f95'), ('IM_CONFIG_PHASE', '1'), ('ELFEDIT', '/home/clawMachine/miniforge3/envs/ros_env/bin/x86_64-conda-linux-gnu-elfedit'), ('STRIP', '/home/clawMachine/miniforge3/envs/ros_env/bin/x86_64-conda-linux-gnu-strip'), ('ROS_DISTRO', 'humble'), ('LOGNAME', 'clawMachine'), ('GCC', '/home/clawMachine/miniforge3/envs/ros_env/bin/x86_64-conda-linux-gnu-gcc'), ('JOURNAL_STREAM', '9:43812'), ('_', '/home/clawMachine/miniforge3/envs/ros_env/bin/colcon'), ('ROS_VERSION', '2'), ('READELF', '/home/clawMachine/miniforge3/envs/ros_env/bin/x86_64-conda-linux-gnu-readelf'), ('XDG_SESSION_CLASS', 'user'), ('AR', '/home/clawMachine/miniforge3/envs/ros_env/bin/x86_64-conda-linux-gnu-ar'), ('USERNAME', 'clawMachine'), ('GXX', '/home/clawMachine/miniforge3/envs/ros_env/bin/x86_64-conda-linux-gnu-g++'), ('FC_FOR_BUILD', '/home/clawMachine/miniforge3/envs/ros_env/bin/x86_64-conda-linux-gnu-gfortran'), ('TERM', 'xterm-256color'), ('AS', '/home/clawMachine/miniforge3/envs/ros_env/bin/x86_64-conda-linux-gnu-as'), ('GNOME_DESKTOP_SESSION_ID', 'this-is-deprecated'), ('_CE_CONDA', ''), ('ROS_LOCALHOST_ONLY', '0'), ('CXXFILT', '/home/clawMachine/miniforge3/envs/ros_env/bin/x86_64-conda-linux-gnu-c++filt'), ('ROS_OS_OVERRIDE', 'conda:linux'), ('WINDOWPATH', '2'), ('BUILD', 'x86_64-conda-linux-gnu'), ('PATH', '/home/clawMachine/miniforge3/envs/ros_env/bin:/home/clawMachine/miniforge3/condabin:/usr/local/sbin:/usr/local/bin:/usr/sbin:/usr/bin:/sbin:/bin:/usr/games:/usr/local/games:/snap/bin'), ('SESSION_MANAGER', 'local/pico:@/tmp/.ICE-unix/2454,unix/pico:/tmp/.ICE-unix/2454'), ('INVOCATION_ID', '86be06146a6e400ab03e9b1bcdd03d7a'), ('PROJ_NETWORK', 'ON'), ('XDG_MENU_PREFIX', 'gnome-'), ('build_alias', 'x86_64-conda-linux-gnu'), ('LC_ADDRESS', 'de_DE.UTF-8'), ('PROJ_DATA', '/home/clawMachine/miniforge3/envs/ros_env/share/proj'), ('XDG_RUNTIME_DIR', '/run/user/1002'), ('CFLAGS', '-march=nocona -mtune=haswell -ftree-vectorize -fPIC -fstack-protector-strong -fno-plt -O2 -ffunction-sections -pipe -isystem /home/clawMachine/miniforge3/envs/ros_env/include'), ('GCC_AR', '/home/clawMachine/miniforge3/envs/ros_env/bin/x86_64-conda-linux-gnu-gcc-ar'), ('DISPLAY', ':1'), ('TERMINATOR_DBUS_PATH', '/net/tenshu/Terminator2'), ('LANG', 'en_US.UTF-8'), ('DEBUG_CFLAGS', '-march=nocona -mtune=haswell -ftree-vectorize -fPIC -fstack-protector-all -fno-plt -Og -g -Wall -Wextra -fvar-tracking-assignments -ffunction-sections -pipe -isystem /home/clawMachine/miniforge3/envs/ros_env/include'), ('XDG_CURRENT_DESKTOP', 'ubuntu:GNOME'), ('LC_TELEPHONE', 'de_DE.UTF-8'), ('CONDA_PREFIX_1', '/home/clawMachine/miniforge3'), ('_CONDA_PYTHON_SYSCONFIGDATA_NAME', '_sysconfigdata_x86_64_conda_cos6_linux_gnu'), ('XMODIFIERS', '@im=ibus'), ('XDG_SESSION_DESKTOP', 'ubuntu'), ('XAUTHORITY', '/run/user/1002/gdm/Xauthority'), ('MESON_ARGS', '--buildtype release'), ('LS_COLORS', 'rs=0:di=01;34:ln=01;36:mh=00:pi=40;33:so=01;35:do=01;35:bd=40;33;01:cd=40;33;01:or=40;31;01:mi=00:su=37;41:sg=30;43:ca=30;41:tw=30;42:ow=34;42:st=37;44:ex=01;32:*.tar=01;31:*.tgz=01;31:*.arc=01;31:*.arj=01;31:*.taz=01;31:*.lha=01;31:*.lz4=01;31:*.lzh=01;31:*.lzma=01;31:*.tlz=01;31:*.txz=01;31:*.tzo=01;31:*.t7z=01;31:*.zip=01;31:*.z=01;31:*.dz=01;31:*.gz=01;31:*.lrz=01;31:*.lz=01;31:*.lzo=01;31:*.xz=01;31:*.zst=01;31:*.tzst=01;31:*.bz2=01;31:*.bz=01;31:*.tbz=01;31:*.tbz2=01;31:*.tz=01;31:*.deb=01;31:*.rpm=01;31:*.jar=01;31:*.war=01;31:*.ear=01;31:*.sar=01;31:*.rar=01;31:*.alz=01;31:*.ace=01;31:*.zoo=01;31:*.cpio=01;31:*.7z=01;31:*.rz=01;31:*.cab=01;31:*.wim=01;31:*.swm=01;31:*.dwm=01;31:*.esd=01;31:*.jpg=01;35:*.jpeg=01;35:*.mjpg=01;35:*.mjpeg=01;35:*.gif=01;35:*.bmp=01;35:*.pbm=01;35:*.pgm=01;35:*.ppm=01;35:*.tga=01;35:*.xbm=01;35:*.xpm=01;35:*.tif=01;35:*.tiff=01;35:*.png=01;35:*.svg=01;35:*.svgz=01;35:*.mng=01;35:*.pcx=01;35:*.mov=01;35:*.mpg=01;35:*.mpeg=01;35:*.m2v=01;35:*.mkv=01;35:*.webm=01;35:*.ogm=01;35:*.mp4=01;35:*.m4v=01;35:*.mp4v=01;35:*.vob=01;35:*.qt=01;35:*.nuv=01;35:*.wmv=01;35:*.asf=01;35:*.rm=01;35:*.rmvb=01;35:*.flc=01;35:*.avi=01;35:*.fli=01;35:*.flv=01;35:*.gl=01;35:*.dl=01;35:*.xcf=01;35:*.xwd=01;35:*.yuv=01;35:*.cgm=01;35:*.emf=01;35:*.ogv=01;35:*.ogx=01;35:*.aac=00;36:*.au=00;36:*.flac=00;36:*.m4a=00;36:*.mid=00;36:*.midi=00;36:*.mka=00;36:*.mp3=00;36:*.mpc=00;36:*.ogg=00;36:*.ra=00;36:*.wav=00;36:*.oga=00;36:*.opus=00;36:*.spx=00;36:*.xspf=00;36:'), ('SSH_AUTH_SOCK', '/run/user/1002/keyring/ssh'), ('XML_CATALOG_FILES', 'file:///home/clawMachine/miniforge3/envs/ros_env/etc/xml/catalog file:///etc/xml/catalog'), ('GSETTINGS_SCHEMA_DIR', '/home/clawMachine/miniforge3/envs/ros_env/share/glib-2.0/schemas'), ('AMENT_PREFIX_PATH', '/home/clawMachine/miniforge3/envs/ros_env'), ('CPPFLAGS', '-DNDEBUG -D_FORTIFY_SOURCE=2 -O2 -isystem /home/clawMachine/miniforge3/envs/ros_env/include'), ('CONDA_PYTHON_EXE', '/home/clawMachine/miniforge3/bin/python'), ('SHELL', '/bin/bash'), ('DEBUG_FFLAGS', '-march=nocona -mtune=haswell -ftree-vectorize -fPIC -fstack-protector-strong -fno-plt -O2 -ffunction-sections -pipe -isystem /home/clawMachine/miniforge3/envs/ros_env/include -march=nocona -mtune=haswell -ftree-vectorize -fPIC -fstack-protector-all -fno-plt -Og -g -Wall -Wextra -fcheck=all -fbacktrace -fimplicit-none -fvar-tracking-assignments -ffunction-sections -pipe'), ('CMAKE_ARGS', '-DCMAKE_AR=/home/clawMachine/miniforge3/envs/ros_env/bin/x86_64-conda-linux-gnu-ar -DCMAKE_CXX_COMPILER_AR=/home/clawMachine/miniforge3/envs/ros_env/bin/x86_64-conda-linux-gnu-gcc-ar -DCMAKE_C_COMPILER_AR=/home/clawMachine/miniforge3/envs/ros_env/bin/x86_64-conda-linux-gnu-gcc-ar -DCMAKE_RANLIB=/home/clawMachine/miniforge3/envs/ros_env/bin/x86_64-conda-linux-gnu-ranlib -DCMAKE_CXX_COMPILER_RANLIB=/home/clawMachine/miniforge3/envs/ros_env/bin/x86_64-conda-linux-gnu-gcc-ranlib -DCMAKE_C_COMPILER_RANLIB=/home/clawMachine/miniforge3/envs/ros_env/bin/x86_64-conda-linux-gnu-gcc-ranlib -DCMAKE_LINKER=/home/clawMachine/miniforge3/envs/ros_env/bin/x86_64-conda-linux-gnu-ld -DCMAKE_STRIP=/home/clawMachine/miniforge3/envs/ros_env/bin/x86_64-conda-linux-gnu-strip -DCMAKE_BUILD_TYPE=Release'), ('LC_NAME', 'de_DE.UTF-8'), ('TERMINATOR_UUID', 'urn:uuid:acaa5cbb-d5d5-43b3-85ff-82bc29bbffec'), ('HOST', 'x86_64-conda-linux-gnu'), ('QT_ACCESSIBILITY', '1'), ('CXX', '/home/clawMachine/miniforge3/envs/ros_env/bin/x86_64-conda-linux-gnu-c++'), ('DEBUG_CPPFLAGS', '-D_DEBUG -D_FORTIFY_SOURCE=2 -Og -isystem /home/clawMachine/miniforge3/envs/ros_env/include'), ('GDMSESSION', 'ubuntu'), ('LESSCLOSE', '/usr/bin/lesspipe %s %s'), ('DEBUG_FORTRANFLAGS', '-march=nocona -mtune=haswell -ftree-vectorize -fPIC -fstack-protector-strong -fno-plt -O2 -ffunction-sections -pipe -isystem /home/clawMachine/miniforge3/envs/ros_env/include -march=nocona -mtune=haswell -ftree-vectorize -fPIC -fstack-protector-all -fno-plt -Og -g -Wall -Wextra -fcheck=all -fbacktrace -fimplicit-none -fvar-tracking-assignments -ffunction-sections -pipe'), ('CONDA_DEFAULT_ENV', 'ros_env'), ('LC_MEASUREMENT', 'de_DE.UTF-8'), ('GPG_AGENT_INFO', '/run/user/1002/gnupg/S.gpg-agent:0:1'), ('GJS_DEBUG_OUTPUT', 'stderr'), ('ADDR2LINE', '/home/clawMachine/miniforge3/envs/ros_env/bin/x86_64-conda-linux-gnu-addr2line'), ('LC_IDENTIFICATION', 'de_DE.UTF-8'), ('GCC_NM', '/home/clawMachine/miniforge3/envs/ros_env/bin/x86_64-conda-linux-gnu-gcc-nm'), ('GFORTRAN', '/home/clawMachine/miniforge3/envs/ros_env/bin/x86_64-conda-linux-gnu-gfortran'), ('CONDA_BUILD_SYSROOT', '/home/clawMachine/miniforge3/envs/ros_env/x86_64-conda-linux-gnu/sysroot'), ('QT_IM_MODULE', 'ibus'), ('PWD', '/home/clawMachine/code/claw_machine_ros2/build/claw_machine_msgs'), ('LD_GOLD', '/home/clawMachine/miniforge3/envs/ros_env/bin/x86_64-conda-linux-gnu-ld.gold'), ('XDG_CONFIG_DIRS', '/etc/xdg/xdg-ubuntu:/etc/xdg'), ('CONDA_EXE', '/home/clawMachine/miniforge3/bin/conda'), ('FFLAGS', '-march=nocona -mtune=haswell -ftree-vectorize -fPIC -fstack-protector-strong -fno-plt -O2 -ffunction-sections -pipe -isystem /home/clawMachine/miniforge3/envs/ros_env/include'), ('LD', '/home/clawMachine/miniforge3/envs/ros_env/bin/x86_64-conda-linux-gnu-ld'), ('XDG_DATA_DIRS', '/usr/share/ubuntu:/usr/local/share/:/usr/share/:/var/lib/snapd/desktop'), ('PYTHONPATH', '/home/clawMachine/miniforge3/envs/ros_env/lib/python311/site-packages:/home/clawMachine/miniforge3/envs/ros_env/lib/python3.11/site-packages'), ('LC_NUMERIC', 'de_DE.UTF-8'), ('GPROF', '/home/clawMachine/miniforge3/envs/ros_env/bin/x86_64-conda-linux-gnu-gprof'), ('CONDA_PREFIX', '/home/clawMachine/miniforge3/envs/ros_env'), ('GSETTINGS_SCHEMA_DIR_CONDA_BACKUP', ''), ('CONDA_TOOLCHAIN_HOST', 'x86_64-conda-linux-gnu'), ('LC_PAPER', 'de_DE.UTF-8'), ('host_alias', 'x86_64-conda-linux-gnu'), ('FORTRANFLAGS', '-march=nocona -mtune=haswell -ftree-vectorize -fPIC -fstack-protector-strong -fno-plt -O2 -ffunction-sections -pipe -isystem /home/clawMachine/miniforge3/envs/ros_env/include'), ('CC', '/home/clawMachine/miniforge3/envs/ros_env/bin/x86_64-conda-linux-gnu-cc'), ('RANLIB', '/home/clawMachine/miniforge3/envs/ros_env/bin/x86_64-conda-linux-gnu-ranlib'), ('COLCON', '1'), ('VTE_VERSION', '6003'), ('CXX_FOR_BUILD', '/home/clawMachine/miniforge3/envs/ros_env/bin/x86_64-conda-linux-gnu-c++'), ('CMAKE_PREFIX_PATH', '/home/clawMachine/miniforge3/envs/ros_env:/home/clawMachine/miniforge3/envs/ros_env/x86_64-conda-linux-gnu/sysroot/usr'), ('NM', '/home/clawMachine/miniforge3/envs/ros_env/bin/x86_64-conda-linux-gnu-nm'), ('OBJDUMP', '/home/clawMachine/miniforge3/envs/ros_env/bin/x86_64-conda-linux-gnu-objdump')]), 'shell': False}
[0.100044] (-) TimerEvent: {}
[0.200208] (-) TimerEvent: {}
[0.300364] (-) TimerEvent: {}
[0.400526] (-) TimerEvent: {}
[0.500693] (-) TimerEvent: {}
[0.560525] (keyboard_claw_controller) Command: {'cmd': ['/home/clawMachine/miniforge3/envs/ros_env/bin/python3.11', '-W', 'ignore:setup.py install is deprecated', 'setup.py', 'egg_info', '--egg-base', '../../build/keyboard_claw_controller', 'build', '--build-base', '/home/clawMachine/code/claw_machine_ros2/build/keyboard_claw_controller/build', 'install', '--record', '/home/clawMachine/code/claw_machine_ros2/build/keyboard_claw_controller/install.log', '--single-version-externally-managed', 'install_data'], 'cwd': '/home/clawMachine/code/claw_machine_ros2/src/keyboard_claw_controller', 'env': {'GJS_DEBUG_TOPICS': 'JS ERROR;JS LOG', 'LESSOPEN': '| /usr/bin/lesspipe %s', 'CONDA_PROMPT_MODIFIER': '(ros_env)', 'USER': 'clawMachine', 'LC_TIME': 'de_DE.UTF-8', 'CXXFLAGS': '-fvisibility-inlines-hidden -fmessage-length=0 -march=nocona -mtune=haswell -ftree-vectorize -fPIC -fstack-protector-strong -fno-plt -O2 -ffunction-sections -pipe -isystem /home/clawMachine/miniforge3/envs/ros_env/include', 'GCC_RANLIB': '/home/clawMachine/miniforge3/envs/ros_env/bin/x86_64-conda-linux-gnu-gcc-ranlib', 'SSH_AGENT_PID': '2419', 'XDG_SESSION_TYPE': 'x11', 'OBJCOPY': '/home/clawMachine/miniforge3/envs/ros_env/bin/x86_64-conda-linux-gnu-objcopy', 'DEBUG_CXXFLAGS': '-fvisibility-inlines-hidden -fmessage-length=0 -march=nocona -mtune=haswell -ftree-vectorize -fPIC -fstack-protector-all -fno-plt -Og -g -Wall -Wextra -fvar-tracking-assignments -ffunction-sections -pipe -isystem /home/clawMachine/miniforge3/envs/ros_env/include', 'ROS_ETC_DIR': '/home/clawMachine/miniforge3/envs/ros_env/etc/ros', 'SIZE': '/home/clawMachine/miniforge3/envs/ros_env/bin/x86_64-conda-linux-gnu-size', 'SHLVL': '1', 'LD_LIBRARY_PATH': '/home/clawMachine/miniforge3/envs/ros_env/opt/rviz_ogre_vendor/lib', 'HOME': '/home/clawMachine', 'CC_FOR_BUILD': '/home/clawMachine/miniforge3/envs/ros_env/bin/x86_64-conda-linux-gnu-cc', 'CONDA_SHLVL': '2', 'OLDPWD': '/home/clawMachine', 'DESKTOP_SESSION': 'ubuntu', 'CONDA_TOOLCHAIN_BUILD': 'x86_64-conda-linux-gnu', 'F90': '/home/clawMachine/miniforge3/envs/ros_env/bin/x86_64-conda-linux-gnu-gfortran', 'GIO_LAUNCHED_DESKTOP_FILE': '/usr/share/applications/terminator.desktop', 'ROS_PYTHON_VERSION': '3', 'GNOME_SHELL_SESSION_MODE': 'ubuntu', 'GTK_MODULES': 'gail:atk-bridge', 'LDFLAGS': '-Wl,-O2 -Wl,--sort-common -Wl,--as-needed -Wl,-z,relro -Wl,-z,now -Wl,--disable-new-dtags -Wl,--gc-sections -Wl,--allow-shlib-undefined -Wl,-rpath,/home/clawMachine/miniforge3/envs/ros_env/lib -Wl,-rpath-link,/home/clawMachine/miniforge3/envs/ros_env/lib -L/home/clawMachine/miniforge3/envs/ros_env/lib', 'FC': '/home/clawMachine/miniforge3/envs/ros_env/bin/x86_64-conda-linux-gnu-gfortran', 'STRINGS': '/home/clawMachine/miniforge3/envs/ros_env/bin/x86_64-conda-linux-gnu-strings', 'LC_MONETARY': 'de_DE.UTF-8', 'MANAGERPID': '2315', 'DBUS_SESSION_BUS_ADDRESS': 'unix:path=/run/user/1002/bus', 'COLORTERM': 'truecolor', '_CE_M': '', 'CPP': '/home/clawMachine/miniforge3/envs/ros_env/bin/x86_64-conda-linux-gnu-cpp', 'TERMINATOR_DBUS_NAME': 'net.tenshu.Terminator23558193cd9818af7fe4d2c2f5bd9d00f', 'GIO_LAUNCHED_DESKTOP_FILE_PID': '9003', 'F77': '/home/clawMachine/miniforge3/envs/ros_env/bin/x86_64-conda-linux-gnu-gfortran', 'F95': '/home/clawMachine/miniforge3/envs/ros_env/bin/x86_64-conda-linux-gnu-f95', 'IM_CONFIG_PHASE': '1', 'ELFEDIT': '/home/clawMachine/miniforge3/envs/ros_env/bin/x86_64-conda-linux-gnu-elfedit', 'STRIP': '/home/clawMachine/miniforge3/envs/ros_env/bin/x86_64-conda-linux-gnu-strip', 'ROS_DISTRO': 'humble', 'LOGNAME': 'clawMachine', 'GCC': '/home/clawMachine/miniforge3/envs/ros_env/bin/x86_64-conda-linux-gnu-gcc', 'JOURNAL_STREAM': '9:43812', '_': '/home/clawMachine/miniforge3/envs/ros_env/bin/colcon', 'ROS_VERSION': '2', 'READELF': '/home/clawMachine/miniforge3/envs/ros_env/bin/x86_64-conda-linux-gnu-readelf', 'XDG_SESSION_CLASS': 'user', 'AR': '/home/clawMachine/miniforge3/envs/ros_env/bin/x86_64-conda-linux-gnu-ar', 'USERNAME': 'clawMachine', 'GXX': '/home/clawMachine/miniforge3/envs/ros_env/bin/x86_64-conda-linux-gnu-g++', 'FC_FOR_BUILD': '/home/clawMachine/miniforge3/envs/ros_env/bin/x86_64-conda-linux-gnu-gfortran', 'TERM': 'xterm-256color', 'AS': '/home/clawMachine/miniforge3/envs/ros_env/bin/x86_64-conda-linux-gnu-as', 'GNOME_DESKTOP_SESSION_ID': 'this-is-deprecated', '_CE_CONDA': '', 'ROS_LOCALHOST_ONLY': '0', 'CXXFILT': '/home/clawMachine/miniforge3/envs/ros_env/bin/x86_64-conda-linux-gnu-c++filt', 'ROS_OS_OVERRIDE': 'conda:linux', 'WINDOWPATH': '2', 'BUILD': 'x86_64-conda-linux-gnu', 'PATH': '/home/clawMachine/miniforge3/envs/ros_env/bin:/home/clawMachine/miniforge3/condabin:/usr/local/sbin:/usr/local/bin:/usr/sbin:/usr/bin:/sbin:/bin:/usr/games:/usr/local/games:/snap/bin', 'SESSION_MANAGER': 'local/pico:@/tmp/.ICE-unix/2454,unix/pico:/tmp/.ICE-unix/2454', 'INVOCATION_ID': '86be06146a6e400ab03e9b1bcdd03d7a', 'PROJ_NETWORK': 'ON', 'XDG_MENU_PREFIX': 'gnome-', 'build_alias': 'x86_64-conda-linux-gnu', 'LC_ADDRESS': 'de_DE.UTF-8', 'PROJ_DATA': '/home/clawMachine/miniforge3/envs/ros_env/share/proj', 'XDG_RUNTIME_DIR': '/run/user/1002', 'CFLAGS': '-march=nocona -mtune=haswell -ftree-vectorize -fPIC -fstack-protector-strong -fno-plt -O2 -ffunction-sections -pipe -isystem /home/clawMachine/miniforge3/envs/ros_env/include', 'GCC_AR': '/home/clawMachine/miniforge3/envs/ros_env/bin/x86_64-conda-linux-gnu-gcc-ar', 'DISPLAY': ':1', 'TERMINATOR_DBUS_PATH': '/net/tenshu/Terminator2', 'LANG': 'en_US.UTF-8', 'DEBUG_CFLAGS': '-march=nocona -mtune=haswell -ftree-vectorize -fPIC -fstack-protector-all -fno-plt -Og -g -Wall -Wextra -fvar-tracking-assignments -ffunction-sections -pipe -isystem /home/clawMachine/miniforge3/envs/ros_env/include', 'XDG_CURRENT_DESKTOP': 'ubuntu:GNOME', 'LC_TELEPHONE': 'de_DE.UTF-8', 'CONDA_PREFIX_1': '/home/clawMachine/miniforge3', '_CONDA_PYTHON_SYSCONFIGDATA_NAME': '_sysconfigdata_x86_64_conda_cos6_linux_gnu', 'XMODIFIERS': '@im=ibus', 'XDG_SESSION_DESKTOP': 'ubuntu', 'XAUTHORITY': '/run/user/1002/gdm/Xauthority', 'MESON_ARGS': '--buildtype release', 'LS_COLORS': 'rs=0:di=01;34:ln=01;36:mh=00:pi=40;33:so=01;35:do=01;35:bd=40;33;01:cd=40;33;01:or=40;31;01:mi=00:su=37;41:sg=30;43:ca=30;41:tw=30;42:ow=34;42:st=37;44:ex=01;32:*.tar=01;31:*.tgz=01;31:*.arc=01;31:*.arj=01;31:*.taz=01;31:*.lha=01;31:*.lz4=01;31:*.lzh=01;31:*.lzma=01;31:*.tlz=01;31:*.txz=01;31:*.tzo=01;31:*.t7z=01;31:*.zip=01;31:*.z=01;31:*.dz=01;31:*.gz=01;31:*.lrz=01;31:*.lz=01;31:*.lzo=01;31:*.xz=01;31:*.zst=01;31:*.tzst=01;31:*.bz2=01;31:*.bz=01;31:*.tbz=01;31:*.tbz2=01;31:*.tz=01;31:*.deb=01;31:*.rpm=01;31:*.jar=01;31:*.war=01;31:*.ear=01;31:*.sar=01;31:*.rar=01;31:*.alz=01;31:*.ace=01;31:*.zoo=01;31:*.cpio=01;31:*.7z=01;31:*.rz=01;31:*.cab=01;31:*.wim=01;31:*.swm=01;31:*.dwm=01;31:*.esd=01;31:*.jpg=01;35:*.jpeg=01;35:*.mjpg=01;35:*.mjpeg=01;35:*.gif=01;35:*.bmp=01;35:*.pbm=01;35:*.pgm=01;35:*.ppm=01;35:*.tga=01;35:*.xbm=01;35:*.xpm=01;35:*.tif=01;35:*.tiff=01;35:*.png=01;35:*.svg=01;35:*.svgz=01;35:*.mng=01;35:*.pcx=01;35:*.mov=01;35:*.mpg=01;35:*.mpeg=01;35:*.m2v=01;35:*.mkv=01;35:*.webm=01;35:*.ogm=01;35:*.mp4=01;35:*.m4v=01;35:*.mp4v=01;35:*.vob=01;35:*.qt=01;35:*.nuv=01;35:*.wmv=01;35:*.asf=01;35:*.rm=01;35:*.rmvb=01;35:*.flc=01;35:*.avi=01;35:*.fli=01;35:*.flv=01;35:*.gl=01;35:*.dl=01;35:*.xcf=01;35:*.xwd=01;35:*.yuv=01;35:*.cgm=01;35:*.emf=01;35:*.ogv=01;35:*.ogx=01;35:*.aac=00;36:*.au=00;36:*.flac=00;36:*.m4a=00;36:*.mid=00;36:*.midi=00;36:*.mka=00;36:*.mp3=00;36:*.mpc=00;36:*.ogg=00;36:*.ra=00;36:*.wav=00;36:*.oga=00;36:*.opus=00;36:*.spx=00;36:*.xspf=00;36:', 'SSH_AUTH_SOCK': '/run/user/1002/keyring/ssh', 'XML_CATALOG_FILES': 'file:///home/clawMachine/miniforge3/envs/ros_env/etc/xml/catalog file:///etc/xml/catalog', 'GSETTINGS_SCHEMA_DIR': '/home/clawMachine/miniforge3/envs/ros_env/share/glib-2.0/schemas', 'AMENT_PREFIX_PATH': '/home/clawMachine/miniforge3/envs/ros_env', 'CPPFLAGS': '-DNDEBUG -D_FORTIFY_SOURCE=2 -O2 -isystem /home/clawMachine/miniforge3/envs/ros_env/include', 'CONDA_PYTHON_EXE': '/home/clawMachine/miniforge3/bin/python', 'SHELL': '/bin/bash', 'DEBUG_FFLAGS': '-march=nocona -mtune=haswell -ftree-vectorize -fPIC -fstack-protector-strong -fno-plt -O2 -ffunction-sections -pipe -isystem /home/clawMachine/miniforge3/envs/ros_env/include -march=nocona -mtune=haswell -ftree-vectorize -fPIC -fstack-protector-all -fno-plt -Og -g -Wall -Wextra -fcheck=all -fbacktrace -fimplicit-none -fvar-tracking-assignments -ffunction-sections -pipe', 'CMAKE_ARGS': '-DCMAKE_AR=/home/clawMachine/miniforge3/envs/ros_env/bin/x86_64-conda-linux-gnu-ar -DCMAKE_CXX_COMPILER_AR=/home/clawMachine/miniforge3/envs/ros_env/bin/x86_64-conda-linux-gnu-gcc-ar -DCMAKE_C_COMPILER_AR=/home/clawMachine/miniforge3/envs/ros_env/bin/x86_64-conda-linux-gnu-gcc-ar -DCMAKE_RANLIB=/home/clawMachine/miniforge3/envs/ros_env/bin/x86_64-conda-linux-gnu-ranlib -DCMAKE_CXX_COMPILER_RANLIB=/home/clawMachine/miniforge3/envs/ros_env/bin/x86_64-conda-linux-gnu-gcc-ranlib -DCMAKE_C_COMPILER_RANLIB=/home/clawMachine/miniforge3/envs/ros_env/bin/x86_64-conda-linux-gnu-gcc-ranlib -DCMAKE_LINKER=/home/clawMachine/miniforge3/envs/ros_env/bin/x86_64-conda-linux-gnu-ld -DCMAKE_STRIP=/home/clawMachine/miniforge3/envs/ros_env/bin/x86_64-conda-linux-gnu-strip -DCMAKE_BUILD_TYPE=Release', 'LC_NAME': 'de_DE.UTF-8', 'TERMINATOR_UUID': 'urn:uuid:acaa5cbb-d5d5-43b3-85ff-82bc29bbffec', 'HOST': 'x86_64-conda-linux-gnu', 'QT_ACCESSIBILITY': '1', 'CXX': '/home/clawMachine/miniforge3/envs/ros_env/bin/x86_64-conda-linux-gnu-c++', 'DEBUG_CPPFLAGS': '-D_DEBUG -D_FORTIFY_SOURCE=2 -Og -isystem /home/clawMachine/miniforge3/envs/ros_env/include', 'GDMSESSION': 'ubuntu', 'LESSCLOSE': '/usr/bin/lesspipe %s %s', 'DEBUG_FORTRANFLAGS': '-march=nocona -mtune=haswell -ftree-vectorize -fPIC -fstack-protector-strong -fno-plt -O2 -ffunction-sections -pipe -isystem /home/clawMachine/miniforge3/envs/ros_env/include -march=nocona -mtune=haswell -ftree-vectorize -fPIC -fstack-protector-all -fno-plt -Og -g -Wall -Wextra -fcheck=all -fbacktrace -fimplicit-none -fvar-tracking-assignments -ffunction-sections -pipe', 'CONDA_DEFAULT_ENV': 'ros_env', 'LC_MEASUREMENT': 'de_DE.UTF-8', 'GPG_AGENT_INFO': '/run/user/1002/gnupg/S.gpg-agent:0:1', 'GJS_DEBUG_OUTPUT': 'stderr', 'ADDR2LINE': '/home/clawMachine/miniforge3/envs/ros_env/bin/x86_64-conda-linux-gnu-addr2line', 'LC_IDENTIFICATION': 'de_DE.UTF-8', 'GCC_NM': '/home/clawMachine/miniforge3/envs/ros_env/bin/x86_64-conda-linux-gnu-gcc-nm', 'GFORTRAN': '/home/clawMachine/miniforge3/envs/ros_env/bin/x86_64-conda-linux-gnu-gfortran', 'CONDA_BUILD_SYSROOT': '/home/clawMachine/miniforge3/envs/ros_env/x86_64-conda-linux-gnu/sysroot', 'QT_IM_MODULE': 'ibus', 'PWD': '/home/clawMachine/code/claw_machine_ros2/build/keyboard_claw_controller', 'LD_GOLD': '/home/clawMachine/miniforge3/envs/ros_env/bin/x86_64-conda-linux-gnu-ld.gold', 'XDG_CONFIG_DIRS': '/etc/xdg/xdg-ubuntu:/etc/xdg', 'CONDA_EXE': '/home/clawMachine/miniforge3/bin/conda', 'FFLAGS': '-march=nocona -mtune=haswell -ftree-vectorize -fPIC -fstack-protector-strong -fno-plt -O2 -ffunction-sections -pipe -isystem /home/clawMachine/miniforge3/envs/ros_env/include', 'LD': '/home/clawMachine/miniforge3/envs/ros_env/bin/x86_64-conda-linux-gnu-ld', 'XDG_DATA_DIRS': '/usr/share/ubuntu:/usr/local/share/:/usr/share/:/var/lib/snapd/desktop', 'PYTHONPATH': '/home/clawMachine/code/claw_machine_ros2/build/keyboard_claw_controller/prefix_override:/home/clawMachine/code/claw_machine_ros2/install/keyboard_claw_controller/lib/python3.11/site-packages:/home/clawMachine/miniforge3/envs/ros_env/lib/python311/site-packages:/home/clawMachine/miniforge3/envs/ros_env/lib/python3.11/site-packages', 'LC_NUMERIC': 'de_DE.UTF-8', 'GPROF': '/home/clawMachine/miniforge3/envs/ros_env/bin/x86_64-conda-linux-gnu-gprof', 'CONDA_PREFIX': '/home/clawMachine/miniforge3/envs/ros_env', 'GSETTINGS_SCHEMA_DIR_CONDA_BACKUP': '', 'CONDA_TOOLCHAIN_HOST': 'x86_64-conda-linux-gnu', 'LC_PAPER': 'de_DE.UTF-8', 'host_alias': 'x86_64-conda-linux-gnu', 'FORTRANFLAGS': '-march=nocona -mtune=haswell -ftree-vectorize -fPIC -fstack-protector-strong -fno-plt -O2 -ffunction-sections -pipe -isystem /home/clawMachine/miniforge3/envs/ros_env/include', 'CC': '/home/clawMachine/miniforge3/envs/ros_env/bin/x86_64-conda-linux-gnu-cc', 'RANLIB': '/home/clawMachine/miniforge3/envs/ros_env/bin/x86_64-conda-linux-gnu-ranlib', 'COLCON': '1', 'VTE_VERSION': '6003', 'CXX_FOR_BUILD': '/home/clawMachine/miniforge3/envs/ros_env/bin/x86_64-conda-linux-gnu-c++', 'CMAKE_PREFIX_PATH': '/home/clawMachine/miniforge3/envs/ros_env:/home/clawMachine/miniforge3/envs/ros_env/x86_64-conda-linux-gnu/sysroot/usr', 'NM': '/home/clawMachine/miniforge3/envs/ros_env/bin/x86_64-conda-linux-gnu-nm', 'OBJDUMP': '/home/clawMachine/miniforge3/envs/ros_env/bin/x86_64-conda-linux-gnu-objdump'}, 'shell': False}
[0.600808] (-) TimerEvent: {}
[0.700965] (-) TimerEvent: {}
[0.748642] (keyboard_claw_controller) StdoutLine: {'line': b'running egg_info\n'}
[0.748884] (keyboard_claw_controller) StdoutLine: {'line': b'creating ../../build/keyboard_claw_controller/keyboard_claw_controller.egg-info\n'}
[0.758799] (keyboard_claw_controller) StdoutLine: {'line': b'writing ../../build/keyboard_claw_controller/keyboard_claw_controller.egg-info/PKG-INFO\n'}
[0.759100] (keyboard_claw_controller) StdoutLine: {'line': b'writing dependency_links to ../../build/keyboard_claw_controller/keyboard_claw_controller.egg-info/dependency_links.txt\n'}
[0.759255] (keyboard_claw_controller) StdoutLine: {'line': b'writing entry points to ../../build/keyboard_claw_controller/keyboard_claw_controller.egg-info/entry_points.txt\n'}
[0.759361] (keyboard_claw_controller) StdoutLine: {'line': b'writing requirements to ../../build/keyboard_claw_controller/keyboard_claw_controller.egg-info/requires.txt\n'}
[0.759443] (keyboard_claw_controller) StdoutLine: {'line': b'writing top-level names to ../../build/keyboard_claw_controller/keyboard_claw_controller.egg-info/top_level.txt\n'}
[0.759521] (keyboard_claw_controller) StdoutLine: {'line': b"writing manifest file '../../build/keyboard_claw_controller/keyboard_claw_controller.egg-info/SOURCES.txt'\n"}
[0.780587] (keyboard_claw_controller) StdoutLine: {'line': b"reading manifest file '../../build/keyboard_claw_controller/keyboard_claw_controller.egg-info/SOURCES.txt'\n"}
[0.781188] (keyboard_claw_controller) StdoutLine: {'line': b"writing manifest file '../../build/keyboard_claw_controller/keyboard_claw_controller.egg-info/SOURCES.txt'\n"}
[0.781295] (keyboard_claw_controller) StdoutLine: {'line': b'running build\n'}
[0.781354] (keyboard_claw_controller) StdoutLine: {'line': b'running build_py\n'}
[0.781494] (keyboard_claw_controller) StdoutLine: {'line': b'creating /home/clawMachine/code/claw_machine_ros2/build/keyboard_claw_controller/build\n'}
[0.781550] (keyboard_claw_controller) StdoutLine: {'line': b'creating /home/clawMachine/code/claw_machine_ros2/build/keyboard_claw_controller/build/lib\n'}
[0.781646] (keyboard_claw_controller) StdoutLine: {'line': b'creating /home/clawMachine/code/claw_machine_ros2/build/keyboard_claw_controller/build/lib/keyboard_claw_controller\n'}
[0.781742] (keyboard_claw_controller) StdoutLine: {'line': b'copying keyboard_claw_controller/keyboard_publisher.py -> /home/clawMachine/code/claw_machine_ros2/build/keyboard_claw_controller/build/lib/keyboard_claw_controller\n'}
[0.781845] (keyboard_claw_controller) StdoutLine: {'line': b'copying keyboard_claw_controller/__init__.py -> /home/clawMachine/code/claw_machine_ros2/build/keyboard_claw_controller/build/lib/keyboard_claw_controller\n'}
[0.781938] (keyboard_claw_controller) StdoutLine: {'line': b'copying keyboard_claw_controller/claw_lib.py -> /home/clawMachine/code/claw_machine_ros2/build/keyboard_claw_controller/build/lib/keyboard_claw_controller\n'}
[0.781987] (keyboard_claw_controller) StdoutLine: {'line': b'copying keyboard_claw_controller/ros2_mqtt_bridge.py -> /home/clawMachine/code/claw_machine_ros2/build/keyboard_claw_controller/build/lib/keyboard_claw_controller\n'}
[0.782062] (keyboard_claw_controller) StdoutLine: {'line': b'copying keyboard_claw_controller/xcarve_controller.py -> /home/clawMachine/code/claw_machine_ros2/build/keyboard_claw_controller/build/lib/keyboard_claw_controller\n'}
[0.782156] (keyboard_claw_controller) StdoutLine: {'line': b'copying keyboard_claw_controller/basic_game.py -> /home/clawMachine/code/claw_machine_ros2/build/keyboard_claw_controller/build/lib/keyboard_claw_controller\n'}
[0.782402] (keyboard_claw_controller) StdoutLine: {'line': b'running install\n'}
[0.787703] (keyboard_claw_controller) StdoutLine: {'line': b'running install_lib\n'}
[0.798645] (keyboard_claw_controller) StdoutLine: {'line': b'running install_data\n'}
[0.798749] (keyboard_claw_controller) StdoutLine: {'line': b'copying resource/keyboard_claw_controller -> /home/clawMachine/code/claw_machine_ros2/install/keyboard_claw_controller/share/ament_index/resource_index/packages\n'}
[0.798838] (keyboard_claw_controller) StdoutLine: {'line': b'copying package.xml -> /home/clawMachine/code/claw_machine_ros2/install/keyboard_claw_controller/share/keyboard_claw_controller\n'}
[0.798959] (keyboard_claw_controller) StdoutLine: {'line': b'running install_egg_info\n'}
[0.801024] (-) TimerEvent: {}
[0.810200] (keyboard_claw_controller) StdoutLine: {'line': b"removing '/home/clawMachine/code/claw_machine_ros2/install/keyboard_claw_controller/lib/python3.11/site-packages/keyboard_claw_controller-0.0.0-py3.11.egg-info' (and everything under it)\n"}
[0.810407] (keyboard_claw_controller) StdoutLine: {'line': b'Copying ../../build/keyboard_claw_controller/keyboard_claw_controller.egg-info to /home/clawMachine/code/claw_machine_ros2/install/keyboard_claw_controller/lib/python3.11/site-packages/keyboard_claw_controller-0.0.0-py3.11.egg-info\n'}
[0.811121] (keyboard_claw_controller) StdoutLine: {'line': b'running install_scripts\n'}
[0.887204] (keyboard_claw_controller) StdoutLine: {'line': b'Installing basic_game script to /home/clawMachine/code/claw_machine_ros2/install/keyboard_claw_controller/lib/keyboard_claw_controller\n'}
[0.887393] (keyboard_claw_controller) StdoutLine: {'line': b'Installing keyboard_publisher script to /home/clawMachine/code/claw_machine_ros2/install/keyboard_claw_controller/lib/keyboard_claw_controller\n'}
[0.887515] (keyboard_claw_controller) StdoutLine: {'line': b'Installing ros2_mqtt_bridge script to /home/clawMachine/code/claw_machine_ros2/install/keyboard_claw_controller/lib/keyboard_claw_controller\n'}
[0.887652] (keyboard_claw_controller) StdoutLine: {'line': b'Installing xcarve_controller script to /home/clawMachine/code/claw_machine_ros2/install/keyboard_claw_controller/lib/keyboard_claw_controller\n'}
[0.887955] (keyboard_claw_controller) StdoutLine: {'line': b"writing list of installed files to '/home/clawMachine/code/claw_machine_ros2/build/keyboard_claw_controller/install.log'\n"}
[0.901161] (-) TimerEvent: {}
[0.912417] (keyboard_claw_controller) CommandEnded: {'returncode': 0}
[0.920225] (keyboard_claw_controller) JobEnded: {'identifier': 'keyboard_claw_controller', 'rc': 0}
[1.001379] (-) TimerEvent: {}
[1.101695] (-) TimerEvent: {}
[1.201971] (-) TimerEvent: {}
[1.302264] (-) TimerEvent: {}
[1.402552] (-) TimerEvent: {}
[1.450933] (claw_machine_msgs) StdoutLine: {'line': b'-- The C compiler identification is GNU 12.3.0\n'}
[1.502650] (-) TimerEvent: {}
[1.602937] (-) TimerEvent: {}
[1.703272] (-) TimerEvent: {}
[1.803484] (-) TimerEvent: {}
[1.903762] (-) TimerEvent: {}
[2.004038] (-) TimerEvent: {}
[2.104337] (-) TimerEvent: {}
[2.204671] (-) TimerEvent: {}
[2.304983] (-) TimerEvent: {}
[2.405292] (-) TimerEvent: {}
[2.505576] (-) TimerEvent: {}
[2.554863] (claw_machine_msgs) StdoutLine: {'line': b'-- The CXX compiler identification is GNU 12.3.0\n'}
[2.605746] (-) TimerEvent: {}
[2.706016] (-) TimerEvent: {}
[2.760312] (claw_machine_msgs) StdoutLine: {'line': b'-- Detecting C compiler ABI info\n'}
[2.806165] (-) TimerEvent: {}
[2.906515] (-) TimerEvent: {}
[3.006755] (-) TimerEvent: {}
[3.070424] (claw_machine_msgs) StdoutLine: {'line': b'-- Detecting C compiler ABI info - done\n'}
[3.089725] (claw_machine_msgs) StdoutLine: {'line': b'-- Check for working C compiler: /home/clawMachine/miniforge3/envs/ros_env/bin/x86_64-conda-linux-gnu-cc - skipped\n'}
[3.090593] (claw_machine_msgs) StdoutLine: {'line': b'-- Detecting C compile features\n'}
[3.091767] (claw_machine_msgs) StdoutLine: {'line': b'-- Detecting C compile features - done\n'}
[3.104515] (claw_machine_msgs) StdoutLine: {'line': b'-- Detecting CXX compiler ABI info\n'}
[3.106849] (-) TimerEvent: {}
[3.207069] (-) TimerEvent: {}
[3.307365] (-) TimerEvent: {}
[3.344623] (claw_machine_msgs) StdoutLine: {'line': b'-- Detecting CXX compiler ABI info - done\n'}
[3.358323] (claw_machine_msgs) StdoutLine: {'line': b'-- Check for working CXX compiler: /home/clawMachine/miniforge3/envs/ros_env/bin/x86_64-conda-linux-gnu-c++ - skipped\n'}
[3.358632] (claw_machine_msgs) StdoutLine: {'line': b'-- Detecting CXX compile features\n'}
[3.359161] (claw_machine_msgs) StdoutLine: {'line': b'-- Detecting CXX compile features - done\n'}
[3.407507] (-) TimerEvent: {}
[3.439659] (claw_machine_msgs) StdoutLine: {'line': b'-- Found ament_cmake: 1.3.7 (/home/clawMachine/miniforge3/envs/ros_env/share/ament_cmake/cmake)\n'}
[3.507672] (-) TimerEvent: {}
[3.607832] (-) TimerEvent: {}
[3.708015] (-) TimerEvent: {}
[3.808200] (-) TimerEvent: {}
[3.908360] (-) TimerEvent: {}
[4.008526] (-) TimerEvent: {}
[4.063366] (claw_machine_msgs) StdoutLine: {'line': b'-- Found Python3: /home/clawMachine/miniforge3/envs/ros_env/bin/python3.11 (found version "3.11.8") found components: Interpreter \n'}
[4.108690] (-) TimerEvent: {}
[4.208925] (-) TimerEvent: {}
[4.309149] (-) TimerEvent: {}
[4.409315] (-) TimerEvent: {}
[4.470552] (claw_machine_msgs) StdoutLine: {'line': b'-- Found std_msgs: 4.2.3 (/home/clawMachine/miniforge3/envs/ros_env/share/std_msgs/cmake)\n'}
[4.509505] (-) TimerEvent: {}
[4.609802] (-) TimerEvent: {}
[4.710103] (-) TimerEvent: {}
[4.769400] (claw_machine_msgs) StdoutLine: {'line': b'-- Found rosidl_generator_c: 3.1.5 (/home/clawMachine/miniforge3/envs/ros_env/share/rosidl_generator_c/cmake)\n'}
[4.803780] (claw_machine_msgs) StdoutLine: {'line': b'-- Found rosidl_adapter: 3.1.5 (/home/clawMachine/miniforge3/envs/ros_env/share/rosidl_adapter/cmake)\n'}
[4.810251] (-) TimerEvent: {}
[4.844674] (claw_machine_msgs) StdoutLine: {'line': b'-- Found rosidl_generator_cpp: 3.1.5 (/home/clawMachine/miniforge3/envs/ros_env/share/rosidl_generator_cpp/cmake)\n'}
[4.910408] (-) TimerEvent: {}
[4.936058] (claw_machine_msgs) StdoutLine: {'line': b'-- Using all available rosidl_typesupport_c: rosidl_typesupport_fastrtps_c;rosidl_typesupport_introspection_c\n'}
[5.010506] (-) TimerEvent: {}
[5.023671] (claw_machine_msgs) StdoutLine: {'line': b'-- Using all available rosidl_typesupport_cpp: rosidl_typesupport_fastrtps_cpp;rosidl_typesupport_introspection_cpp\n'}
[5.110602] (-) TimerEvent: {}
[5.134924] (claw_machine_msgs) StdoutLine: {'line': b'-- Found rosidl_default_generators: 1.2.0 (/home/clawMachine/miniforge3/envs/ros_env/share/rosidl_default_generators/cmake)\n'}
[5.210727] (-) TimerEvent: {}
[5.310974] (-) TimerEvent: {}
[5.411278] (-) TimerEvent: {}
[5.511577] (-) TimerEvent: {}
[5.611864] (-) TimerEvent: {}
[5.712042] (-) TimerEvent: {}
[5.812152] (-) TimerEvent: {}
[5.912323] (-) TimerEvent: {}
[6.012591] (-) TimerEvent: {}
[6.112876] (-) TimerEvent: {}
[6.213208] (-) TimerEvent: {}
[6.313484] (-) TimerEvent: {}
[6.413678] (-) TimerEvent: {}
[6.498854] (claw_machine_msgs) StdoutLine: {'line': b'-- Found Python3: /home/clawMachine/miniforge3/envs/ros_env/include/python3.11 (found version "3.11.8") found components: Development NumPy Interpreter Development.Module Development.Embed \n'}
[6.513771] (-) TimerEvent: {}
[6.542107] (claw_machine_msgs) StdoutLine: {'line': b'-- Found Python3: /home/clawMachine/miniforge3/envs/ros_env/bin/python3.11 (found version "3.11.8") found components: Interpreter \n'}
[6.613957] (-) TimerEvent: {}
[6.714184] (-) TimerEvent: {}
[6.814330] (-) TimerEvent: {}
[6.843693] (claw_machine_msgs) StdoutLine: {'line': b'-- Found ament_cmake_ros: 0.10.0 (/home/clawMachine/miniforge3/envs/ros_env/share/ament_cmake_ros/cmake)\n'}
[6.914466] (-) TimerEvent: {}
[7.014658] (-) TimerEvent: {}
[7.114825] (-) TimerEvent: {}
[7.181294] (claw_machine_msgs) StdoutLine: {'line': b'-- Using all available rosidl_typesupport_c: rosidl_typesupport_fastrtps_c;rosidl_typesupport_introspection_c\n'}
[7.214941] (-) TimerEvent: {}
[7.315115] (-) TimerEvent: {}
[7.338932] (claw_machine_msgs) StdoutLine: {'line': b'-- Using all available rosidl_typesupport_cpp: rosidl_typesupport_fastrtps_cpp;rosidl_typesupport_introspection_cpp\n'}
[7.342295] (claw_machine_msgs) StderrLine: {'line': b'\x1b[33mCMake Warning (dev) at /home/clawMachine/miniforge3/envs/ros_env/share/rosidl_generator_py/cmake/rosidl_generator_py_generate_interfaces.cmake:20 (find_package):\n'}
[7.342385] (claw_machine_msgs) StderrLine: {'line': b'  Policy CMP0148 is not set: The FindPythonInterp and FindPythonLibs modules\n'}
[7.342434] (claw_machine_msgs) StderrLine: {'line': b'  are removed.  Run "cmake --help-policy CMP0148" for policy details.  Use\n'}
[7.342479] (claw_machine_msgs) StderrLine: {'line': b'  the cmake_policy command to set the policy and suppress this warning.\n'}
[7.342521] (claw_machine_msgs) StderrLine: {'line': b'\n'}
[7.342562] (claw_machine_msgs) StderrLine: {'line': b'Call Stack (most recent call first):\n'}
[7.342603] (claw_machine_msgs) StderrLine: {'line': b'  /home/clawMachine/miniforge3/envs/ros_env/share/ament_cmake_core/cmake/core/ament_execute_extensions.cmake:48 (include)\n'}
[7.342644] (claw_machine_msgs) StderrLine: {'line': b'  /home/clawMachine/miniforge3/envs/ros_env/share/rosidl_cmake/cmake/rosidl_generate_interfaces.cmake:286 (ament_execute_extensions)\n'}
[7.342686] (claw_machine_msgs) StderrLine: {'line': b'  CMakeLists.txt:15 (rosidl_generate_interfaces)\n'}
[7.342727] (claw_machine_msgs) StderrLine: {'line': b'This warning is for project developers.  Use -Wno-dev to suppress it.\n'}
[7.342769] (claw_machine_msgs) StderrLine: {'line': b'\x1b[0m\n'}
[7.361805] (claw_machine_msgs) StdoutLine: {'line': b'-- Found PythonInterp: /home/clawMachine/miniforge3/envs/ros_env/bin/python3 (found suitable version "3.11.8", minimum required is "3.6") \n'}
[7.392197] (claw_machine_msgs) StdoutLine: {'line': b'-- Found python_cmake_module: 0.10.0 (/home/clawMachine/miniforge3/envs/ros_env/share/python_cmake_module/cmake)\n'}
[7.393718] (claw_machine_msgs) StderrLine: {'line': b'\x1b[33mCMake Warning (dev) at /home/clawMachine/miniforge3/envs/ros_env/share/python_cmake_module/cmake/Modules/FindPythonExtra.cmake:52 (find_package):\n'}
[7.393832] (claw_machine_msgs) StderrLine: {'line': b'  Policy CMP0148 is not set: The FindPythonInterp and FindPythonLibs modules\n'}
[7.393904] (claw_machine_msgs) StderrLine: {'line': b'  are removed.  Run "cmake --help-policy CMP0148" for policy details.  Use\n'}
[7.393969] (claw_machine_msgs) StderrLine: {'line': b'  the cmake_policy command to set the policy and suppress this warning.\n'}
[7.394032] (claw_machine_msgs) StderrLine: {'line': b'\n'}
[7.394092] (claw_machine_msgs) StderrLine: {'line': b'Call Stack (most recent call first):\n'}
[7.394154] (claw_machine_msgs) StderrLine: {'line': b'  /home/clawMachine/miniforge3/envs/ros_env/share/rosidl_generator_py/cmake/rosidl_generator_py_generate_interfaces.cmake:23 (find_package)\n'}
[7.394217] (claw_machine_msgs) StderrLine: {'line': b'  /home/clawMachine/miniforge3/envs/ros_env/share/ament_cmake_core/cmake/core/ament_execute_extensions.cmake:48 (include)\n'}
[7.394286] (claw_machine_msgs) StderrLine: {'line': b'  /home/clawMachine/miniforge3/envs/ros_env/share/rosidl_cmake/cmake/rosidl_generate_interfaces.cmake:286 (ament_execute_extensions)\n'}
[7.394353] (claw_machine_msgs) StderrLine: {'line': b'  CMakeLists.txt:15 (rosidl_generate_interfaces)\n'}
[7.394415] (claw_machine_msgs) StderrLine: {'line': b'This warning is for project developers.  Use -Wno-dev to suppress it.\n'}
[7.394477] (claw_machine_msgs) StderrLine: {'line': b'\x1b[0m\n'}
[7.414517] (claw_machine_msgs) StderrLine: {'line': b'\x1b[33mCMake Warning (dev) at /home/clawMachine/miniforge3/envs/ros_env/share/python_cmake_module/cmake/Modules/FindPythonExtra.cmake:140 (find_package):\n'}
[7.414659] (claw_machine_msgs) StderrLine: {'line': b'  Policy CMP0148 is not set: The FindPythonInterp and FindPythonLibs modules\n'}
[7.414739] (claw_machine_msgs) StderrLine: {'line': b'  are removed.  Run "cmake --help-policy CMP0148" for policy details.  Use\n'}
[7.414812] (claw_machine_msgs) StderrLine: {'line': b'  the cmake_policy command to set the policy and suppress this warning.\n'}
[7.414883] (claw_machine_msgs) StderrLine: {'line': b'\n'}
[7.414953] (claw_machine_msgs) StderrLine: {'line': b'Call Stack (most recent call first):\n'}
[7.415023] (claw_machine_msgs) StderrLine: {'line': b'  /home/clawMachine/miniforge3/envs/ros_env/share/rosidl_generator_py/cmake/rosidl_generator_py_generate_interfaces.cmake:23 (find_package)\n'}
[7.415093] (claw_machine_msgs) StderrLine: {'line': b'  /home/clawMachine/miniforge3/envs/ros_env/share/ament_cmake_core/cmake/core/ament_execute_extensions.cmake:48 (include)\n'}
[7.415161] (-) TimerEvent: {}
[7.415182] (claw_machine_msgs) StderrLine: {'line': b'  /home/clawMachine/miniforge3/envs/ros_env/share/rosidl_cmake/cmake/rosidl_generate_interfaces.cmake:286 (ament_execute_extensions)\n'}
[7.415252] (claw_machine_msgs) StderrLine: {'line': b'  CMakeLists.txt:15 (rosidl_generate_interfaces)\n'}
[7.415321] (claw_machine_msgs) StderrLine: {'line': b'This warning is for project developers.  Use -Wno-dev to suppress it.\n'}
[7.415390] (claw_machine_msgs) StderrLine: {'line': b'\x1b[0m\n'}
[7.425827] (claw_machine_msgs) StdoutLine: {'line': b'-- Found PythonLibs: /home/clawMachine/miniforge3/envs/ros_env/lib/libpython3.11.so (found suitable version "3.11.8", minimum required is "3.5") \n'}
[7.426056] (claw_machine_msgs) StdoutLine: {'line': b'-- Using PYTHON_EXECUTABLE: /home/clawMachine/miniforge3/envs/ros_env/bin/python3\n'}
[7.426149] (claw_machine_msgs) StdoutLine: {'line': b'-- Using PYTHON_INCLUDE_DIRS: /home/clawMachine/miniforge3/envs/ros_env/include/python3.11\n'}
[7.426225] (claw_machine_msgs) StdoutLine: {'line': b'-- Using PYTHON_LIBRARIES: /home/clawMachine/miniforge3/envs/ros_env/lib/libpython3.11.so\n'}
[7.448332] (claw_machine_msgs) StdoutLine: {'line': b'-- Found PythonExtra: .so  \n'}
[7.515271] (-) TimerEvent: {}
[7.615439] (-) TimerEvent: {}
[7.715622] (-) TimerEvent: {}
[7.726036] (claw_machine_msgs) StdoutLine: {'line': b'-- Found Python3: /home/clawMachine/miniforge3/envs/ros_env/include/python3.11 (found version "3.11.8") found components: Development NumPy Interpreter Development.Module Development.Embed \n'}
[7.815824] (-) TimerEvent: {}
[7.829053] (claw_machine_msgs) StdoutLine: {'line': b'-- Found ament_lint_auto: 0.12.10 (/home/clawMachine/miniforge3/envs/ros_env/share/ament_lint_auto/cmake)\n'}
[7.915979] (-) TimerEvent: {}
[8.016218] (-) TimerEvent: {}
[8.058361] (claw_machine_msgs) StdoutLine: {'line': b"-- Added test 'lint_cmake' to check CMake code style\n"}
[8.064299] (claw_machine_msgs) StdoutLine: {'line': b"-- Added test 'xmllint' to check XML markup files\n"}
[8.075854] (claw_machine_msgs) StdoutLine: {'line': b'-- Configuring done (8.0s)\n'}
[8.116344] (-) TimerEvent: {}
[8.173280] (claw_machine_msgs) StdoutLine: {'line': b'-- Generating done (0.1s)\n'}
[8.175856] (claw_machine_msgs) StdoutLine: {'line': b'-- Build files have been written to: /home/clawMachine/code/claw_machine_ros2/build/claw_machine_msgs\n'}
[8.182522] (claw_machine_msgs) CommandEnded: {'returncode': 0}
[8.183253] (claw_machine_msgs) JobProgress: {'identifier': 'claw_machine_msgs', 'progress': 'build'}
[8.183753] (claw_machine_msgs) Command: {'cmd': ['/home/clawMachine/miniforge3/envs/ros_env/bin/cmake', '--build', '/home/clawMachine/code/claw_machine_ros2/build/claw_machine_msgs', '--', '-j8', '-l8'], 'cwd': '/home/clawMachine/code/claw_machine_ros2/build/claw_machine_msgs', 'env': OrderedDict([('GJS_DEBUG_TOPICS', 'JS ERROR;JS LOG'), ('LESSOPEN', '| /usr/bin/lesspipe %s'), ('CONDA_PROMPT_MODIFIER', '(ros_env)'), ('USER', 'clawMachine'), ('LC_TIME', 'de_DE.UTF-8'), ('CXXFLAGS', '-fvisibility-inlines-hidden -fmessage-length=0 -march=nocona -mtune=haswell -ftree-vectorize -fPIC -fstack-protector-strong -fno-plt -O2 -ffunction-sections -pipe -isystem /home/clawMachine/miniforge3/envs/ros_env/include'), ('GCC_RANLIB', '/home/clawMachine/miniforge3/envs/ros_env/bin/x86_64-conda-linux-gnu-gcc-ranlib'), ('SSH_AGENT_PID', '2419'), ('XDG_SESSION_TYPE', 'x11'), ('OBJCOPY', '/home/clawMachine/miniforge3/envs/ros_env/bin/x86_64-conda-linux-gnu-objcopy'), ('DEBUG_CXXFLAGS', '-fvisibility-inlines-hidden -fmessage-length=0 -march=nocona -mtune=haswell -ftree-vectorize -fPIC -fstack-protector-all -fno-plt -Og -g -Wall -Wextra -fvar-tracking-assignments -ffunction-sections -pipe -isystem /home/clawMachine/miniforge3/envs/ros_env/include'), ('ROS_ETC_DIR', '/home/clawMachine/miniforge3/envs/ros_env/etc/ros'), ('SIZE', '/home/clawMachine/miniforge3/envs/ros_env/bin/x86_64-conda-linux-gnu-size'), ('SHLVL', '1'), ('LD_LIBRARY_PATH', '/home/clawMachine/miniforge3/envs/ros_env/opt/rviz_ogre_vendor/lib'), ('HOME', '/home/clawMachine'), ('CC_FOR_BUILD', '/home/clawMachine/miniforge3/envs/ros_env/bin/x86_64-conda-linux-gnu-cc'), ('CONDA_SHLVL', '2'), ('OLDPWD', '/home/clawMachine'), ('DESKTOP_SESSION', 'ubuntu'), ('CONDA_TOOLCHAIN_BUILD', 'x86_64-conda-linux-gnu'), ('F90', '/home/clawMachine/miniforge3/envs/ros_env/bin/x86_64-conda-linux-gnu-gfortran'), ('GIO_LAUNCHED_DESKTOP_FILE', '/usr/share/applications/terminator.desktop'), ('ROS_PYTHON_VERSION', '3'), ('GNOME_SHELL_SESSION_MODE', 'ubuntu'), ('GTK_MODULES', 'gail:atk-bridge'), ('LDFLAGS', '-Wl,-O2 -Wl,--sort-common -Wl,--as-needed -Wl,-z,relro -Wl,-z,now -Wl,--disable-new-dtags -Wl,--gc-sections -Wl,--allow-shlib-undefined -Wl,-rpath,/home/clawMachine/miniforge3/envs/ros_env/lib -Wl,-rpath-link,/home/clawMachine/miniforge3/envs/ros_env/lib -L/home/clawMachine/miniforge3/envs/ros_env/lib'), ('FC', '/home/clawMachine/miniforge3/envs/ros_env/bin/x86_64-conda-linux-gnu-gfortran'), ('STRINGS', '/home/clawMachine/miniforge3/envs/ros_env/bin/x86_64-conda-linux-gnu-strings'), ('LC_MONETARY', 'de_DE.UTF-8'), ('MANAGERPID', '2315'), ('DBUS_SESSION_BUS_ADDRESS', 'unix:path=/run/user/1002/bus'), ('COLORTERM', 'truecolor'), ('_CE_M', ''), ('CPP', '/home/clawMachine/miniforge3/envs/ros_env/bin/x86_64-conda-linux-gnu-cpp'), ('TERMINATOR_DBUS_NAME', 'net.tenshu.Terminator23558193cd9818af7fe4d2c2f5bd9d00f'), ('GIO_LAUNCHED_DESKTOP_FILE_PID', '9003'), ('F77', '/home/clawMachine/miniforge3/envs/ros_env/bin/x86_64-conda-linux-gnu-gfortran'), ('F95', '/home/clawMachine/miniforge3/envs/ros_env/bin/x86_64-conda-linux-gnu-f95'), ('IM_CONFIG_PHASE', '1'), ('ELFEDIT', '/home/clawMachine/miniforge3/envs/ros_env/bin/x86_64-conda-linux-gnu-elfedit'), ('STRIP', '/home/clawMachine/miniforge3/envs/ros_env/bin/x86_64-conda-linux-gnu-strip'), ('ROS_DISTRO', 'humble'), ('LOGNAME', 'clawMachine'), ('GCC', '/home/clawMachine/miniforge3/envs/ros_env/bin/x86_64-conda-linux-gnu-gcc'), ('JOURNAL_STREAM', '9:43812'), ('_', '/home/clawMachine/miniforge3/envs/ros_env/bin/colcon'), ('ROS_VERSION', '2'), ('READELF', '/home/clawMachine/miniforge3/envs/ros_env/bin/x86_64-conda-linux-gnu-readelf'), ('XDG_SESSION_CLASS', 'user'), ('AR', '/home/clawMachine/miniforge3/envs/ros_env/bin/x86_64-conda-linux-gnu-ar'), ('USERNAME', 'clawMachine'), ('GXX', '/home/clawMachine/miniforge3/envs/ros_env/bin/x86_64-conda-linux-gnu-g++'), ('FC_FOR_BUILD', '/home/clawMachine/miniforge3/envs/ros_env/bin/x86_64-conda-linux-gnu-gfortran'), ('TERM', 'xterm-256color'), ('AS', '/home/clawMachine/miniforge3/envs/ros_env/bin/x86_64-conda-linux-gnu-as'), ('GNOME_DESKTOP_SESSION_ID', 'this-is-deprecated'), ('_CE_CONDA', ''), ('ROS_LOCALHOST_ONLY', '0'), ('CXXFILT', '/home/clawMachine/miniforge3/envs/ros_env/bin/x86_64-conda-linux-gnu-c++filt'), ('ROS_OS_OVERRIDE', 'conda:linux'), ('WINDOWPATH', '2'), ('BUILD', 'x86_64-conda-linux-gnu'), ('PATH', '/home/clawMachine/miniforge3/envs/ros_env/bin:/home/clawMachine/miniforge3/condabin:/usr/local/sbin:/usr/local/bin:/usr/sbin:/usr/bin:/sbin:/bin:/usr/games:/usr/local/games:/snap/bin'), ('SESSION_MANAGER', 'local/pico:@/tmp/.ICE-unix/2454,unix/pico:/tmp/.ICE-unix/2454'), ('INVOCATION_ID', '86be06146a6e400ab03e9b1bcdd03d7a'), ('PROJ_NETWORK', 'ON'), ('XDG_MENU_PREFIX', 'gnome-'), ('build_alias', 'x86_64-conda-linux-gnu'), ('LC_ADDRESS', 'de_DE.UTF-8'), ('PROJ_DATA', '/home/clawMachine/miniforge3/envs/ros_env/share/proj'), ('XDG_RUNTIME_DIR', '/run/user/1002'), ('CFLAGS', '-march=nocona -mtune=haswell -ftree-vectorize -fPIC -fstack-protector-strong -fno-plt -O2 -ffunction-sections -pipe -isystem /home/clawMachine/miniforge3/envs/ros_env/include'), ('GCC_AR', '/home/clawMachine/miniforge3/envs/ros_env/bin/x86_64-conda-linux-gnu-gcc-ar'), ('DISPLAY', ':1'), ('TERMINATOR_DBUS_PATH', '/net/tenshu/Terminator2'), ('LANG', 'en_US.UTF-8'), ('DEBUG_CFLAGS', '-march=nocona -mtune=haswell -ftree-vectorize -fPIC -fstack-protector-all -fno-plt -Og -g -Wall -Wextra -fvar-tracking-assignments -ffunction-sections -pipe -isystem /home/clawMachine/miniforge3/envs/ros_env/include'), ('XDG_CURRENT_DESKTOP', 'ubuntu:GNOME'), ('LC_TELEPHONE', 'de_DE.UTF-8'), ('CONDA_PREFIX_1', '/home/clawMachine/miniforge3'), ('_CONDA_PYTHON_SYSCONFIGDATA_NAME', '_sysconfigdata_x86_64_conda_cos6_linux_gnu'), ('XMODIFIERS', '@im=ibus'), ('XDG_SESSION_DESKTOP', 'ubuntu'), ('XAUTHORITY', '/run/user/1002/gdm/Xauthority'), ('MESON_ARGS', '--buildtype release'), ('LS_COLORS', 'rs=0:di=01;34:ln=01;36:mh=00:pi=40;33:so=01;35:do=01;35:bd=40;33;01:cd=40;33;01:or=40;31;01:mi=00:su=37;41:sg=30;43:ca=30;41:tw=30;42:ow=34;42:st=37;44:ex=01;32:*.tar=01;31:*.tgz=01;31:*.arc=01;31:*.arj=01;31:*.taz=01;31:*.lha=01;31:*.lz4=01;31:*.lzh=01;31:*.lzma=01;31:*.tlz=01;31:*.txz=01;31:*.tzo=01;31:*.t7z=01;31:*.zip=01;31:*.z=01;31:*.dz=01;31:*.gz=01;31:*.lrz=01;31:*.lz=01;31:*.lzo=01;31:*.xz=01;31:*.zst=01;31:*.tzst=01;31:*.bz2=01;31:*.bz=01;31:*.tbz=01;31:*.tbz2=01;31:*.tz=01;31:*.deb=01;31:*.rpm=01;31:*.jar=01;31:*.war=01;31:*.ear=01;31:*.sar=01;31:*.rar=01;31:*.alz=01;31:*.ace=01;31:*.zoo=01;31:*.cpio=01;31:*.7z=01;31:*.rz=01;31:*.cab=01;31:*.wim=01;31:*.swm=01;31:*.dwm=01;31:*.esd=01;31:*.jpg=01;35:*.jpeg=01;35:*.mjpg=01;35:*.mjpeg=01;35:*.gif=01;35:*.bmp=01;35:*.pbm=01;35:*.pgm=01;35:*.ppm=01;35:*.tga=01;35:*.xbm=01;35:*.xpm=01;35:*.tif=01;35:*.tiff=01;35:*.png=01;35:*.svg=01;35:*.svgz=01;35:*.mng=01;35:*.pcx=01;35:*.mov=01;35:*.mpg=01;35:*.mpeg=01;35:*.m2v=01;35:*.mkv=01;35:*.webm=01;35:*.ogm=01;35:*.mp4=01;35:*.m4v=01;35:*.mp4v=01;35:*.vob=01;35:*.qt=01;35:*.nuv=01;35:*.wmv=01;35:*.asf=01;35:*.rm=01;35:*.rmvb=01;35:*.flc=01;35:*.avi=01;35:*.fli=01;35:*.flv=01;35:*.gl=01;35:*.dl=01;35:*.xcf=01;35:*.xwd=01;35:*.yuv=01;35:*.cgm=01;35:*.emf=01;35:*.ogv=01;35:*.ogx=01;35:*.aac=00;36:*.au=00;36:*.flac=00;36:*.m4a=00;36:*.mid=00;36:*.midi=00;36:*.mka=00;36:*.mp3=00;36:*.mpc=00;36:*.ogg=00;36:*.ra=00;36:*.wav=00;36:*.oga=00;36:*.opus=00;36:*.spx=00;36:*.xspf=00;36:'), ('SSH_AUTH_SOCK', '/run/user/1002/keyring/ssh'), ('XML_CATALOG_FILES', 'file:///home/clawMachine/miniforge3/envs/ros_env/etc/xml/catalog file:///etc/xml/catalog'), ('GSETTINGS_SCHEMA_DIR', '/home/clawMachine/miniforge3/envs/ros_env/share/glib-2.0/schemas'), ('AMENT_PREFIX_PATH', '/home/clawMachine/miniforge3/envs/ros_env'), ('CPPFLAGS', '-DNDEBUG -D_FORTIFY_SOURCE=2 -O2 -isystem /home/clawMachine/miniforge3/envs/ros_env/include'), ('CONDA_PYTHON_EXE', '/home/clawMachine/miniforge3/bin/python'), ('SHELL', '/bin/bash'), ('DEBUG_FFLAGS', '-march=nocona -mtune=haswell -ftree-vectorize -fPIC -fstack-protector-strong -fno-plt -O2 -ffunction-sections -pipe -isystem /home/clawMachine/miniforge3/envs/ros_env/include -march=nocona -mtune=haswell -ftree-vectorize -fPIC -fstack-protector-all -fno-plt -Og -g -Wall -Wextra -fcheck=all -fbacktrace -fimplicit-none -fvar-tracking-assignments -ffunction-sections -pipe'), ('CMAKE_ARGS', '-DCMAKE_AR=/home/clawMachine/miniforge3/envs/ros_env/bin/x86_64-conda-linux-gnu-ar -DCMAKE_CXX_COMPILER_AR=/home/clawMachine/miniforge3/envs/ros_env/bin/x86_64-conda-linux-gnu-gcc-ar -DCMAKE_C_COMPILER_AR=/home/clawMachine/miniforge3/envs/ros_env/bin/x86_64-conda-linux-gnu-gcc-ar -DCMAKE_RANLIB=/home/clawMachine/miniforge3/envs/ros_env/bin/x86_64-conda-linux-gnu-ranlib -DCMAKE_CXX_COMPILER_RANLIB=/home/clawMachine/miniforge3/envs/ros_env/bin/x86_64-conda-linux-gnu-gcc-ranlib -DCMAKE_C_COMPILER_RANLIB=/home/clawMachine/miniforge3/envs/ros_env/bin/x86_64-conda-linux-gnu-gcc-ranlib -DCMAKE_LINKER=/home/clawMachine/miniforge3/envs/ros_env/bin/x86_64-conda-linux-gnu-ld -DCMAKE_STRIP=/home/clawMachine/miniforge3/envs/ros_env/bin/x86_64-conda-linux-gnu-strip -DCMAKE_BUILD_TYPE=Release'), ('LC_NAME', 'de_DE.UTF-8'), ('TERMINATOR_UUID', 'urn:uuid:acaa5cbb-d5d5-43b3-85ff-82bc29bbffec'), ('HOST', 'x86_64-conda-linux-gnu'), ('QT_ACCESSIBILITY', '1'), ('CXX', '/home/clawMachine/miniforge3/envs/ros_env/bin/x86_64-conda-linux-gnu-c++'), ('DEBUG_CPPFLAGS', '-D_DEBUG -D_FORTIFY_SOURCE=2 -Og -isystem /home/clawMachine/miniforge3/envs/ros_env/include'), ('GDMSESSION', 'ubuntu'), ('LESSCLOSE', '/usr/bin/lesspipe %s %s'), ('DEBUG_FORTRANFLAGS', '-march=nocona -mtune=haswell -ftree-vectorize -fPIC -fstack-protector-strong -fno-plt -O2 -ffunction-sections -pipe -isystem /home/clawMachine/miniforge3/envs/ros_env/include -march=nocona -mtune=haswell -ftree-vectorize -fPIC -fstack-protector-all -fno-plt -Og -g -Wall -Wextra -fcheck=all -fbacktrace -fimplicit-none -fvar-tracking-assignments -ffunction-sections -pipe'), ('CONDA_DEFAULT_ENV', 'ros_env'), ('LC_MEASUREMENT', 'de_DE.UTF-8'), ('GPG_AGENT_INFO', '/run/user/1002/gnupg/S.gpg-agent:0:1'), ('GJS_DEBUG_OUTPUT', 'stderr'), ('ADDR2LINE', '/home/clawMachine/miniforge3/envs/ros_env/bin/x86_64-conda-linux-gnu-addr2line'), ('LC_IDENTIFICATION', 'de_DE.UTF-8'), ('GCC_NM', '/home/clawMachine/miniforge3/envs/ros_env/bin/x86_64-conda-linux-gnu-gcc-nm'), ('GFORTRAN', '/home/clawMachine/miniforge3/envs/ros_env/bin/x86_64-conda-linux-gnu-gfortran'), ('CONDA_BUILD_SYSROOT', '/home/clawMachine/miniforge3/envs/ros_env/x86_64-conda-linux-gnu/sysroot'), ('QT_IM_MODULE', 'ibus'), ('PWD', '/home/clawMachine/code/claw_machine_ros2/build/claw_machine_msgs'), ('LD_GOLD', '/home/clawMachine/miniforge3/envs/ros_env/bin/x86_64-conda-linux-gnu-ld.gold'), ('XDG_CONFIG_DIRS', '/etc/xdg/xdg-ubuntu:/etc/xdg'), ('CONDA_EXE', '/home/clawMachine/miniforge3/bin/conda'), ('FFLAGS', '-march=nocona -mtune=haswell -ftree-vectorize -fPIC -fstack-protector-strong -fno-plt -O2 -ffunction-sections -pipe -isystem /home/clawMachine/miniforge3/envs/ros_env/include'), ('LD', '/home/clawMachine/miniforge3/envs/ros_env/bin/x86_64-conda-linux-gnu-ld'), ('XDG_DATA_DIRS', '/usr/share/ubuntu:/usr/local/share/:/usr/share/:/var/lib/snapd/desktop'), ('PYTHONPATH', '/home/clawMachine/miniforge3/envs/ros_env/lib/python311/site-packages:/home/clawMachine/miniforge3/envs/ros_env/lib/python3.11/site-packages'), ('LC_NUMERIC', 'de_DE.UTF-8'), ('GPROF', '/home/clawMachine/miniforge3/envs/ros_env/bin/x86_64-conda-linux-gnu-gprof'), ('CONDA_PREFIX', '/home/clawMachine/miniforge3/envs/ros_env'), ('GSETTINGS_SCHEMA_DIR_CONDA_BACKUP', ''), ('CONDA_TOOLCHAIN_HOST', 'x86_64-conda-linux-gnu'), ('LC_PAPER', 'de_DE.UTF-8'), ('host_alias', 'x86_64-conda-linux-gnu'), ('FORTRANFLAGS', '-march=nocona -mtune=haswell -ftree-vectorize -fPIC -fstack-protector-strong -fno-plt -O2 -ffunction-sections -pipe -isystem /home/clawMachine/miniforge3/envs/ros_env/include'), ('CC', '/home/clawMachine/miniforge3/envs/ros_env/bin/x86_64-conda-linux-gnu-cc'), ('RANLIB', '/home/clawMachine/miniforge3/envs/ros_env/bin/x86_64-conda-linux-gnu-ranlib'), ('COLCON', '1'), ('VTE_VERSION', '6003'), ('CXX_FOR_BUILD', '/home/clawMachine/miniforge3/envs/ros_env/bin/x86_64-conda-linux-gnu-c++'), ('CMAKE_PREFIX_PATH', '/home/clawMachine/miniforge3/envs/ros_env:/home/clawMachine/miniforge3/envs/ros_env/x86_64-conda-linux-gnu/sysroot/usr'), ('NM', '/home/clawMachine/miniforge3/envs/ros_env/bin/x86_64-conda-linux-gnu-nm'), ('OBJDUMP', '/home/clawMachine/miniforge3/envs/ros_env/bin/x86_64-conda-linux-gnu-objdump')]), 'shell': False}
[8.210694] (claw_machine_msgs) StdoutLine: {'line': b'[  3%] \x1b[34m\x1b[1mGenerating C code for ROS interfaces\x1b[0m\n'}
[8.216438] (-) TimerEvent: {}
[8.219280] (claw_machine_msgs) StdoutLine: {'line': b'[  6%] \x1b[34m\x1b[1mGenerating C++ code for ROS interfaces\x1b[0m\n'}
[8.225587] (claw_machine_msgs) StdoutLine: {'line': b'[  6%] Built target ament_cmake_python_copy_claw_machine_msgs\n'}
[8.316549] (-) TimerEvent: {}
[8.388360] (claw_machine_msgs) StdoutLine: {'line': b'running egg_info\n'}
[8.389061] (claw_machine_msgs) StdoutLine: {'line': b'creating claw_machine_msgs.egg-info\n'}
[8.399568] (claw_machine_msgs) StdoutLine: {'line': b'writing claw_machine_msgs.egg-info/PKG-INFO\n'}
[8.399831] (claw_machine_msgs) StdoutLine: {'line': b'writing dependency_links to claw_machine_msgs.egg-info/dependency_links.txt\n'}
[8.399991] (claw_machine_msgs) StdoutLine: {'line': b'writing top-level names to claw_machine_msgs.egg-info/top_level.txt\n'}
[8.400140] (claw_machine_msgs) StdoutLine: {'line': b"writing manifest file 'claw_machine_msgs.egg-info/SOURCES.txt'\n"}
[8.416640] (-) TimerEvent: {}
[8.432258] (claw_machine_msgs) StdoutLine: {'line': b"reading manifest file 'claw_machine_msgs.egg-info/SOURCES.txt'\n"}
[8.432699] (claw_machine_msgs) StdoutLine: {'line': b"writing manifest file 'claw_machine_msgs.egg-info/SOURCES.txt'\n"}
[8.455765] (claw_machine_msgs) StdoutLine: {'line': b'[  6%] Built target ament_cmake_python_build_claw_machine_msgs_egg\n'}
[8.516759] (-) TimerEvent: {}
[8.538029] (claw_machine_msgs) StdoutLine: {'line': b'[  6%] Built target claw_machine_msgs__cpp\n'}
[8.545190] (claw_machine_msgs) StdoutLine: {'line': b'[ 12%] \x1b[34m\x1b[1mGenerating C++ type support for eProsima Fast-RTPS\x1b[0m\n'}
[8.545309] (claw_machine_msgs) StdoutLine: {'line': b'[ 12%] \x1b[34m\x1b[1mGenerating C++ introspection for ROS interfaces\x1b[0m\n'}
[8.545837] (claw_machine_msgs) StdoutLine: {'line': b'[ 16%] \x1b[34m\x1b[1mGenerating C++ type support dispatch for ROS interfaces\x1b[0m\n'}
[8.548752] (claw_machine_msgs) StdoutLine: {'line': b'[ 19%] \x1b[32mBuilding C object CMakeFiles/claw_machine_msgs__rosidl_generator_c.dir/rosidl_generator_c/claw_machine_msgs/msg/detail/position__functions.c.o\x1b[0m\n'}
[8.616847] (-) TimerEvent: {}
[8.713353] (claw_machine_msgs) StdoutLine: {'line': b'[ 22%] \x1b[32mBuilding CXX object CMakeFiles/claw_machine_msgs__rosidl_typesupport_cpp.dir/rosidl_typesupport_cpp/claw_machine_msgs/msg/position__type_support.cpp.o\x1b[0m\n'}
[8.716972] (-) TimerEvent: {}
[8.739276] (claw_machine_msgs) StdoutLine: {'line': b'[ 25%] \x1b[32mBuilding CXX object CMakeFiles/claw_machine_msgs__rosidl_typesupport_introspection_cpp.dir/rosidl_typesupport_introspection_cpp/claw_machine_msgs/msg/detail/position__type_support.cpp.o\x1b[0m\n'}
[8.752851] (claw_machine_msgs) StdoutLine: {'line': b'[ 29%] \x1b[32mBuilding CXX object CMakeFiles/claw_machine_msgs__rosidl_typesupport_fastrtps_cpp.dir/rosidl_typesupport_fastrtps_cpp/claw_machine_msgs/msg/detail/dds_fastrtps/position__type_support.cpp.o\x1b[0m\n'}
[8.817069] (-) TimerEvent: {}
[8.917316] (-) TimerEvent: {}
[9.017624] (-) TimerEvent: {}
[9.117888] (-) TimerEvent: {}
[9.218207] (-) TimerEvent: {}
[9.318491] (-) TimerEvent: {}
[9.418818] (-) TimerEvent: {}
[9.519063] (-) TimerEvent: {}
[9.619355] (-) TimerEvent: {}
[9.719648] (-) TimerEvent: {}
[9.791987] (claw_machine_msgs) StdoutLine: {'line': b'[ 32%] \x1b[32m\x1b[1mLinking C shared library libclaw_machine_msgs__rosidl_generator_c.so\x1b[0m\n'}
[9.819840] (-) TimerEvent: {}
[9.920087] (-) TimerEvent: {}
[10.020282] (-) TimerEvent: {}
[10.035287] (claw_machine_msgs) StdoutLine: {'line': b'[ 32%] Built target claw_machine_msgs__rosidl_generator_c\n'}
[10.043104] (claw_machine_msgs) StdoutLine: {'line': b'[ 41%] \x1b[34m\x1b[1mGenerating C introspection for ROS interfaces\x1b[0m\n'}
[10.043229] (claw_machine_msgs) StdoutLine: {'line': b'[ 41%] \x1b[34m\x1b[1mGenerating C type support for eProsima Fast-RTPS\x1b[0m\n'}
[10.043284] (claw_machine_msgs) StdoutLine: {'line': b'[ 41%] \x1b[34m\x1b[1mGenerating C type support dispatch for ROS interfaces\x1b[0m\n'}
[10.120366] (-) TimerEvent: {}
[10.220530] (-) TimerEvent: {}
[10.260432] (claw_machine_msgs) StdoutLine: {'line': b'[ 45%] \x1b[32mBuilding C object CMakeFiles/claw_machine_msgs__rosidl_typesupport_introspection_c.dir/rosidl_typesupport_introspection_c/claw_machine_msgs/msg/detail/position__type_support.c.o\x1b[0m\n'}
[10.265619] (claw_machine_msgs) StdoutLine: {'line': b'[ 48%] \x1b[32mBuilding CXX object CMakeFiles/claw_machine_msgs__rosidl_typesupport_fastrtps_c.dir/rosidl_typesupport_fastrtps_c/claw_machine_msgs/msg/detail/position__type_support_c.cpp.o\x1b[0m\n'}
[10.320636] (-) TimerEvent: {}
[10.348421] (claw_machine_msgs) StdoutLine: {'line': b'[ 51%] \x1b[32m\x1b[1mLinking C shared library libclaw_machine_msgs__rosidl_typesupport_introspection_c.so\x1b[0m\n'}
[10.350610] (claw_machine_msgs) StdoutLine: {'line': b'[ 54%] \x1b[32mBuilding CXX object CMakeFiles/claw_machine_msgs__rosidl_typesupport_c.dir/rosidl_typesupport_c/claw_machine_msgs/msg/position__type_support.cpp.o\x1b[0m\n'}
[10.359797] (claw_machine_msgs) StdoutLine: {'line': b'[ 58%] \x1b[32m\x1b[1mLinking CXX shared library libclaw_machine_msgs__rosidl_typesupport_cpp.so\x1b[0m\n'}
[10.389598] (claw_machine_msgs) StdoutLine: {'line': b'[ 61%] \x1b[32m\x1b[1mLinking CXX shared library libclaw_machine_msgs__rosidl_typesupport_c.so\x1b[0m\n'}
[10.420727] (-) TimerEvent: {}
[10.500102] (claw_machine_msgs) StdoutLine: {'line': b'[ 61%] Built target claw_machine_msgs__rosidl_typesupport_introspection_c\n'}
[10.506597] (claw_machine_msgs) StdoutLine: {'line': b'[ 61%] Built target claw_machine_msgs__rosidl_typesupport_c\n'}
[10.519793] (claw_machine_msgs) StdoutLine: {'line': b'[ 61%] Built target claw_machine_msgs__rosidl_typesupport_cpp\n'}
[10.520798] (-) TimerEvent: {}
[10.578415] (claw_machine_msgs) StdoutLine: {'line': b'[ 64%] \x1b[32m\x1b[1mLinking CXX shared library libclaw_machine_msgs__rosidl_typesupport_introspection_cpp.so\x1b[0m\n'}
[10.620918] (-) TimerEvent: {}
[10.657282] (claw_machine_msgs) StdoutLine: {'line': b'[ 67%] \x1b[32m\x1b[1mLinking CXX shared library libclaw_machine_msgs__rosidl_typesupport_fastrtps_cpp.so\x1b[0m\n'}
[10.667855] (claw_machine_msgs) StdoutLine: {'line': b'[ 67%] Built target claw_machine_msgs__rosidl_typesupport_introspection_cpp\n'}
[10.721030] (-) TimerEvent: {}
[10.736983] (claw_machine_msgs) StdoutLine: {'line': b'[ 70%] \x1b[32m\x1b[1mLinking CXX shared library libclaw_machine_msgs__rosidl_typesupport_fastrtps_c.so\x1b[0m\n'}
[10.760876] (claw_machine_msgs) StdoutLine: {'line': b'[ 70%] Built target claw_machine_msgs__rosidl_typesupport_fastrtps_cpp\n'}
[10.821147] (-) TimerEvent: {}
[10.835661] (claw_machine_msgs) StdoutLine: {'line': b'[ 70%] Built target claw_machine_msgs__rosidl_typesupport_fastrtps_c\n'}
[10.848298] (claw_machine_msgs) StdoutLine: {'line': b'[ 70%] Built target claw_machine_msgs\n'}
[10.861066] (claw_machine_msgs) StdoutLine: {'line': b'[ 74%] \x1b[34m\x1b[1mGenerating Python code for ROS interfaces\x1b[0m\n'}
[10.921333] (-) TimerEvent: {}
[11.021474] (-) TimerEvent: {}
[11.110268] (claw_machine_msgs) StdoutLine: {'line': b'[ 74%] Built target claw_machine_msgs__py\n'}
[11.121592] (-) TimerEvent: {}
[11.122927] (claw_machine_msgs) StdoutLine: {'line': b'[ 77%] \x1b[32mBuilding C object CMakeFiles/claw_machine_msgs__rosidl_generator_py.dir/rosidl_generator_py/claw_machine_msgs/msg/_position_s.c.o\x1b[0m\n'}
[11.221810] (-) TimerEvent: {}
[11.322140] (-) TimerEvent: {}
[11.422422] (-) TimerEvent: {}
[11.522724] (-) TimerEvent: {}
[11.622970] (-) TimerEvent: {}
[11.723278] (-) TimerEvent: {}
[11.823567] (-) TimerEvent: {}
[11.923814] (-) TimerEvent: {}
[12.024075] (-) TimerEvent: {}
[12.031921] (claw_machine_msgs) StdoutLine: {'line': b'[ 80%] \x1b[32m\x1b[1mLinking C shared library rosidl_generator_py/claw_machine_msgs/libclaw_machine_msgs__rosidl_generator_py.so\x1b[0m\n'}
[12.081186] (claw_machine_msgs) StdoutLine: {'line': b'[ 80%] Built target claw_machine_msgs__rosidl_generator_py\n'}
[12.094518] (claw_machine_msgs) StdoutLine: {'line': b'[ 90%] \x1b[32mBuilding C object CMakeFiles/claw_machine_msgs__rosidl_typesupport_fastrtps_c__pyext.dir/rosidl_generator_py/claw_machine_msgs/_claw_machine_msgs_s.ep.rosidl_typesupport_fastrtps_c.c.o\x1b[0m\n'}
[12.094691] (claw_machine_msgs) StdoutLine: {'line': b'[ 90%] \x1b[32mBuilding C object CMakeFiles/claw_machine_msgs__rosidl_typesupport_introspection_c__pyext.dir/rosidl_generator_py/claw_machine_msgs/_claw_machine_msgs_s.ep.rosidl_typesupport_introspection_c.c.o\x1b[0m\n'}
[12.094802] (claw_machine_msgs) StdoutLine: {'line': b'[ 90%] \x1b[32mBuilding C object CMakeFiles/claw_machine_msgs__rosidl_typesupport_c__pyext.dir/rosidl_generator_py/claw_machine_msgs/_claw_machine_msgs_s.ep.rosidl_typesupport_c.c.o\x1b[0m\n'}
[12.124173] (-) TimerEvent: {}
[12.201368] (claw_machine_msgs) StdoutLine: {'line': b'[ 93%] \x1b[32m\x1b[1mLinking C shared library rosidl_generator_py/claw_machine_msgs/claw_machine_msgs_s__rosidl_typesupport_introspection_c.cpython-311-x86_64-linux-gnu.so\x1b[0m\n'}
[12.203003] (claw_machine_msgs) StdoutLine: {'line': b'[100%] \x1b[32m\x1b[1mLinking C shared library rosidl_generator_py/claw_machine_msgs/claw_machine_msgs_s__rosidl_typesupport_c.cpython-311-x86_64-linux-gnu.so\x1b[0m\n'}
[12.203086] (claw_machine_msgs) StdoutLine: {'line': b'[100%] \x1b[32m\x1b[1mLinking C shared library rosidl_generator_py/claw_machine_msgs/claw_machine_msgs_s__rosidl_typesupport_fastrtps_c.cpython-311-x86_64-linux-gnu.so\x1b[0m\n'}
[12.224257] (-) TimerEvent: {}
[12.228029] (claw_machine_msgs) StdoutLine: {'line': b'[100%] Built target claw_machine_msgs__rosidl_typesupport_c__pyext\n'}
[12.228199] (claw_machine_msgs) StdoutLine: {'line': b'[100%] Built target claw_machine_msgs__rosidl_typesupport_introspection_c__pyext\n'}
[12.229160] (claw_machine_msgs) StdoutLine: {'line': b'[100%] Built target claw_machine_msgs__rosidl_typesupport_fastrtps_c__pyext\n'}
[12.235821] (claw_machine_msgs) CommandEnded: {'returncode': 0}
[12.276616] (claw_machine_msgs) JobProgress: {'identifier': 'claw_machine_msgs', 'progress': 'install'}
[12.282201] (claw_machine_msgs) Command: {'cmd': ['/home/clawMachine/miniforge3/envs/ros_env/bin/cmake', '--install', '/home/clawMachine/code/claw_machine_ros2/build/claw_machine_msgs'], 'cwd': '/home/clawMachine/code/claw_machine_ros2/build/claw_machine_msgs', 'env': OrderedDict([('GJS_DEBUG_TOPICS', 'JS ERROR;JS LOG'), ('LESSOPEN', '| /usr/bin/lesspipe %s'), ('CONDA_PROMPT_MODIFIER', '(ros_env)'), ('USER', 'clawMachine'), ('LC_TIME', 'de_DE.UTF-8'), ('CXXFLAGS', '-fvisibility-inlines-hidden -fmessage-length=0 -march=nocona -mtune=haswell -ftree-vectorize -fPIC -fstack-protector-strong -fno-plt -O2 -ffunction-sections -pipe -isystem /home/clawMachine/miniforge3/envs/ros_env/include'), ('GCC_RANLIB', '/home/clawMachine/miniforge3/envs/ros_env/bin/x86_64-conda-linux-gnu-gcc-ranlib'), ('SSH_AGENT_PID', '2419'), ('XDG_SESSION_TYPE', 'x11'), ('OBJCOPY', '/home/clawMachine/miniforge3/envs/ros_env/bin/x86_64-conda-linux-gnu-objcopy'), ('DEBUG_CXXFLAGS', '-fvisibility-inlines-hidden -fmessage-length=0 -march=nocona -mtune=haswell -ftree-vectorize -fPIC -fstack-protector-all -fno-plt -Og -g -Wall -Wextra -fvar-tracking-assignments -ffunction-sections -pipe -isystem /home/clawMachine/miniforge3/envs/ros_env/include'), ('ROS_ETC_DIR', '/home/clawMachine/miniforge3/envs/ros_env/etc/ros'), ('SIZE', '/home/clawMachine/miniforge3/envs/ros_env/bin/x86_64-conda-linux-gnu-size'), ('SHLVL', '1'), ('LD_LIBRARY_PATH', '/home/clawMachine/miniforge3/envs/ros_env/opt/rviz_ogre_vendor/lib'), ('HOME', '/home/clawMachine'), ('CC_FOR_BUILD', '/home/clawMachine/miniforge3/envs/ros_env/bin/x86_64-conda-linux-gnu-cc'), ('CONDA_SHLVL', '2'), ('OLDPWD', '/home/clawMachine'), ('DESKTOP_SESSION', 'ubuntu'), ('CONDA_TOOLCHAIN_BUILD', 'x86_64-conda-linux-gnu'), ('F90', '/home/clawMachine/miniforge3/envs/ros_env/bin/x86_64-conda-linux-gnu-gfortran'), ('GIO_LAUNCHED_DESKTOP_FILE', '/usr/share/applications/terminator.desktop'), ('ROS_PYTHON_VERSION', '3'), ('GNOME_SHELL_SESSION_MODE', 'ubuntu'), ('GTK_MODULES', 'gail:atk-bridge'), ('LDFLAGS', '-Wl,-O2 -Wl,--sort-common -Wl,--as-needed -Wl,-z,relro -Wl,-z,now -Wl,--disable-new-dtags -Wl,--gc-sections -Wl,--allow-shlib-undefined -Wl,-rpath,/home/clawMachine/miniforge3/envs/ros_env/lib -Wl,-rpath-link,/home/clawMachine/miniforge3/envs/ros_env/lib -L/home/clawMachine/miniforge3/envs/ros_env/lib'), ('FC', '/home/clawMachine/miniforge3/envs/ros_env/bin/x86_64-conda-linux-gnu-gfortran'), ('STRINGS', '/home/clawMachine/miniforge3/envs/ros_env/bin/x86_64-conda-linux-gnu-strings'), ('LC_MONETARY', 'de_DE.UTF-8'), ('MANAGERPID', '2315'), ('DBUS_SESSION_BUS_ADDRESS', 'unix:path=/run/user/1002/bus'), ('COLORTERM', 'truecolor'), ('_CE_M', ''), ('CPP', '/home/clawMachine/miniforge3/envs/ros_env/bin/x86_64-conda-linux-gnu-cpp'), ('TERMINATOR_DBUS_NAME', 'net.tenshu.Terminator23558193cd9818af7fe4d2c2f5bd9d00f'), ('GIO_LAUNCHED_DESKTOP_FILE_PID', '9003'), ('F77', '/home/clawMachine/miniforge3/envs/ros_env/bin/x86_64-conda-linux-gnu-gfortran'), ('F95', '/home/clawMachine/miniforge3/envs/ros_env/bin/x86_64-conda-linux-gnu-f95'), ('IM_CONFIG_PHASE', '1'), ('ELFEDIT', '/home/clawMachine/miniforge3/envs/ros_env/bin/x86_64-conda-linux-gnu-elfedit'), ('STRIP', '/home/clawMachine/miniforge3/envs/ros_env/bin/x86_64-conda-linux-gnu-strip'), ('ROS_DISTRO', 'humble'), ('LOGNAME', 'clawMachine'), ('GCC', '/home/clawMachine/miniforge3/envs/ros_env/bin/x86_64-conda-linux-gnu-gcc'), ('JOURNAL_STREAM', '9:43812'), ('_', '/home/clawMachine/miniforge3/envs/ros_env/bin/colcon'), ('ROS_VERSION', '2'), ('READELF', '/home/clawMachine/miniforge3/envs/ros_env/bin/x86_64-conda-linux-gnu-readelf'), ('XDG_SESSION_CLASS', 'user'), ('AR', '/home/clawMachine/miniforge3/envs/ros_env/bin/x86_64-conda-linux-gnu-ar'), ('USERNAME', 'clawMachine'), ('GXX', '/home/clawMachine/miniforge3/envs/ros_env/bin/x86_64-conda-linux-gnu-g++'), ('FC_FOR_BUILD', '/home/clawMachine/miniforge3/envs/ros_env/bin/x86_64-conda-linux-gnu-gfortran'), ('TERM', 'xterm-256color'), ('AS', '/home/clawMachine/miniforge3/envs/ros_env/bin/x86_64-conda-linux-gnu-as'), ('GNOME_DESKTOP_SESSION_ID', 'this-is-deprecated'), ('_CE_CONDA', ''), ('ROS_LOCALHOST_ONLY', '0'), ('CXXFILT', '/home/clawMachine/miniforge3/envs/ros_env/bin/x86_64-conda-linux-gnu-c++filt'), ('ROS_OS_OVERRIDE', 'conda:linux'), ('WINDOWPATH', '2'), ('BUILD', 'x86_64-conda-linux-gnu'), ('PATH', '/home/clawMachine/miniforge3/envs/ros_env/bin:/home/clawMachine/miniforge3/condabin:/usr/local/sbin:/usr/local/bin:/usr/sbin:/usr/bin:/sbin:/bin:/usr/games:/usr/local/games:/snap/bin'), ('SESSION_MANAGER', 'local/pico:@/tmp/.ICE-unix/2454,unix/pico:/tmp/.ICE-unix/2454'), ('INVOCATION_ID', '86be06146a6e400ab03e9b1bcdd03d7a'), ('PROJ_NETWORK', 'ON'), ('XDG_MENU_PREFIX', 'gnome-'), ('build_alias', 'x86_64-conda-linux-gnu'), ('LC_ADDRESS', 'de_DE.UTF-8'), ('PROJ_DATA', '/home/clawMachine/miniforge3/envs/ros_env/share/proj'), ('XDG_RUNTIME_DIR', '/run/user/1002'), ('CFLAGS', '-march=nocona -mtune=haswell -ftree-vectorize -fPIC -fstack-protector-strong -fno-plt -O2 -ffunction-sections -pipe -isystem /home/clawMachine/miniforge3/envs/ros_env/include'), ('GCC_AR', '/home/clawMachine/miniforge3/envs/ros_env/bin/x86_64-conda-linux-gnu-gcc-ar'), ('DISPLAY', ':1'), ('TERMINATOR_DBUS_PATH', '/net/tenshu/Terminator2'), ('LANG', 'en_US.UTF-8'), ('DEBUG_CFLAGS', '-march=nocona -mtune=haswell -ftree-vectorize -fPIC -fstack-protector-all -fno-plt -Og -g -Wall -Wextra -fvar-tracking-assignments -ffunction-sections -pipe -isystem /home/clawMachine/miniforge3/envs/ros_env/include'), ('XDG_CURRENT_DESKTOP', 'ubuntu:GNOME'), ('LC_TELEPHONE', 'de_DE.UTF-8'), ('CONDA_PREFIX_1', '/home/clawMachine/miniforge3'), ('_CONDA_PYTHON_SYSCONFIGDATA_NAME', '_sysconfigdata_x86_64_conda_cos6_linux_gnu'), ('XMODIFIERS', '@im=ibus'), ('XDG_SESSION_DESKTOP', 'ubuntu'), ('XAUTHORITY', '/run/user/1002/gdm/Xauthority'), ('MESON_ARGS', '--buildtype release'), ('LS_COLORS', 'rs=0:di=01;34:ln=01;36:mh=00:pi=40;33:so=01;35:do=01;35:bd=40;33;01:cd=40;33;01:or=40;31;01:mi=00:su=37;41:sg=30;43:ca=30;41:tw=30;42:ow=34;42:st=37;44:ex=01;32:*.tar=01;31:*.tgz=01;31:*.arc=01;31:*.arj=01;31:*.taz=01;31:*.lha=01;31:*.lz4=01;31:*.lzh=01;31:*.lzma=01;31:*.tlz=01;31:*.txz=01;31:*.tzo=01;31:*.t7z=01;31:*.zip=01;31:*.z=01;31:*.dz=01;31:*.gz=01;31:*.lrz=01;31:*.lz=01;31:*.lzo=01;31:*.xz=01;31:*.zst=01;31:*.tzst=01;31:*.bz2=01;31:*.bz=01;31:*.tbz=01;31:*.tbz2=01;31:*.tz=01;31:*.deb=01;31:*.rpm=01;31:*.jar=01;31:*.war=01;31:*.ear=01;31:*.sar=01;31:*.rar=01;31:*.alz=01;31:*.ace=01;31:*.zoo=01;31:*.cpio=01;31:*.7z=01;31:*.rz=01;31:*.cab=01;31:*.wim=01;31:*.swm=01;31:*.dwm=01;31:*.esd=01;31:*.jpg=01;35:*.jpeg=01;35:*.mjpg=01;35:*.mjpeg=01;35:*.gif=01;35:*.bmp=01;35:*.pbm=01;35:*.pgm=01;35:*.ppm=01;35:*.tga=01;35:*.xbm=01;35:*.xpm=01;35:*.tif=01;35:*.tiff=01;35:*.png=01;35:*.svg=01;35:*.svgz=01;35:*.mng=01;35:*.pcx=01;35:*.mov=01;35:*.mpg=01;35:*.mpeg=01;35:*.m2v=01;35:*.mkv=01;35:*.webm=01;35:*.ogm=01;35:*.mp4=01;35:*.m4v=01;35:*.mp4v=01;35:*.vob=01;35:*.qt=01;35:*.nuv=01;35:*.wmv=01;35:*.asf=01;35:*.rm=01;35:*.rmvb=01;35:*.flc=01;35:*.avi=01;35:*.fli=01;35:*.flv=01;35:*.gl=01;35:*.dl=01;35:*.xcf=01;35:*.xwd=01;35:*.yuv=01;35:*.cgm=01;35:*.emf=01;35:*.ogv=01;35:*.ogx=01;35:*.aac=00;36:*.au=00;36:*.flac=00;36:*.m4a=00;36:*.mid=00;36:*.midi=00;36:*.mka=00;36:*.mp3=00;36:*.mpc=00;36:*.ogg=00;36:*.ra=00;36:*.wav=00;36:*.oga=00;36:*.opus=00;36:*.spx=00;36:*.xspf=00;36:'), ('SSH_AUTH_SOCK', '/run/user/1002/keyring/ssh'), ('XML_CATALOG_FILES', 'file:///home/clawMachine/miniforge3/envs/ros_env/etc/xml/catalog file:///etc/xml/catalog'), ('GSETTINGS_SCHEMA_DIR', '/home/clawMachine/miniforge3/envs/ros_env/share/glib-2.0/schemas'), ('AMENT_PREFIX_PATH', '/home/clawMachine/miniforge3/envs/ros_env'), ('CPPFLAGS', '-DNDEBUG -D_FORTIFY_SOURCE=2 -O2 -isystem /home/clawMachine/miniforge3/envs/ros_env/include'), ('CONDA_PYTHON_EXE', '/home/clawMachine/miniforge3/bin/python'), ('SHELL', '/bin/bash'), ('DEBUG_FFLAGS', '-march=nocona -mtune=haswell -ftree-vectorize -fPIC -fstack-protector-strong -fno-plt -O2 -ffunction-sections -pipe -isystem /home/clawMachine/miniforge3/envs/ros_env/include -march=nocona -mtune=haswell -ftree-vectorize -fPIC -fstack-protector-all -fno-plt -Og -g -Wall -Wextra -fcheck=all -fbacktrace -fimplicit-none -fvar-tracking-assignments -ffunction-sections -pipe'), ('CMAKE_ARGS', '-DCMAKE_AR=/home/clawMachine/miniforge3/envs/ros_env/bin/x86_64-conda-linux-gnu-ar -DCMAKE_CXX_COMPILER_AR=/home/clawMachine/miniforge3/envs/ros_env/bin/x86_64-conda-linux-gnu-gcc-ar -DCMAKE_C_COMPILER_AR=/home/clawMachine/miniforge3/envs/ros_env/bin/x86_64-conda-linux-gnu-gcc-ar -DCMAKE_RANLIB=/home/clawMachine/miniforge3/envs/ros_env/bin/x86_64-conda-linux-gnu-ranlib -DCMAKE_CXX_COMPILER_RANLIB=/home/clawMachine/miniforge3/envs/ros_env/bin/x86_64-conda-linux-gnu-gcc-ranlib -DCMAKE_C_COMPILER_RANLIB=/home/clawMachine/miniforge3/envs/ros_env/bin/x86_64-conda-linux-gnu-gcc-ranlib -DCMAKE_LINKER=/home/clawMachine/miniforge3/envs/ros_env/bin/x86_64-conda-linux-gnu-ld -DCMAKE_STRIP=/home/clawMachine/miniforge3/envs/ros_env/bin/x86_64-conda-linux-gnu-strip -DCMAKE_BUILD_TYPE=Release'), ('LC_NAME', 'de_DE.UTF-8'), ('TERMINATOR_UUID', 'urn:uuid:acaa5cbb-d5d5-43b3-85ff-82bc29bbffec'), ('HOST', 'x86_64-conda-linux-gnu'), ('QT_ACCESSIBILITY', '1'), ('CXX', '/home/clawMachine/miniforge3/envs/ros_env/bin/x86_64-conda-linux-gnu-c++'), ('DEBUG_CPPFLAGS', '-D_DEBUG -D_FORTIFY_SOURCE=2 -Og -isystem /home/clawMachine/miniforge3/envs/ros_env/include'), ('GDMSESSION', 'ubuntu'), ('LESSCLOSE', '/usr/bin/lesspipe %s %s'), ('DEBUG_FORTRANFLAGS', '-march=nocona -mtune=haswell -ftree-vectorize -fPIC -fstack-protector-strong -fno-plt -O2 -ffunction-sections -pipe -isystem /home/clawMachine/miniforge3/envs/ros_env/include -march=nocona -mtune=haswell -ftree-vectorize -fPIC -fstack-protector-all -fno-plt -Og -g -Wall -Wextra -fcheck=all -fbacktrace -fimplicit-none -fvar-tracking-assignments -ffunction-sections -pipe'), ('CONDA_DEFAULT_ENV', 'ros_env'), ('LC_MEASUREMENT', 'de_DE.UTF-8'), ('GPG_AGENT_INFO', '/run/user/1002/gnupg/S.gpg-agent:0:1'), ('GJS_DEBUG_OUTPUT', 'stderr'), ('ADDR2LINE', '/home/clawMachine/miniforge3/envs/ros_env/bin/x86_64-conda-linux-gnu-addr2line'), ('LC_IDENTIFICATION', 'de_DE.UTF-8'), ('GCC_NM', '/home/clawMachine/miniforge3/envs/ros_env/bin/x86_64-conda-linux-gnu-gcc-nm'), ('GFORTRAN', '/home/clawMachine/miniforge3/envs/ros_env/bin/x86_64-conda-linux-gnu-gfortran'), ('CONDA_BUILD_SYSROOT', '/home/clawMachine/miniforge3/envs/ros_env/x86_64-conda-linux-gnu/sysroot'), ('QT_IM_MODULE', 'ibus'), ('PWD', '/home/clawMachine/code/claw_machine_ros2/build/claw_machine_msgs'), ('LD_GOLD', '/home/clawMachine/miniforge3/envs/ros_env/bin/x86_64-conda-linux-gnu-ld.gold'), ('XDG_CONFIG_DIRS', '/etc/xdg/xdg-ubuntu:/etc/xdg'), ('CONDA_EXE', '/home/clawMachine/miniforge3/bin/conda'), ('FFLAGS', '-march=nocona -mtune=haswell -ftree-vectorize -fPIC -fstack-protector-strong -fno-plt -O2 -ffunction-sections -pipe -isystem /home/clawMachine/miniforge3/envs/ros_env/include'), ('LD', '/home/clawMachine/miniforge3/envs/ros_env/bin/x86_64-conda-linux-gnu-ld'), ('XDG_DATA_DIRS', '/usr/share/ubuntu:/usr/local/share/:/usr/share/:/var/lib/snapd/desktop'), ('PYTHONPATH', '/home/clawMachine/miniforge3/envs/ros_env/lib/python311/site-packages:/home/clawMachine/miniforge3/envs/ros_env/lib/python3.11/site-packages'), ('LC_NUMERIC', 'de_DE.UTF-8'), ('GPROF', '/home/clawMachine/miniforge3/envs/ros_env/bin/x86_64-conda-linux-gnu-gprof'), ('CONDA_PREFIX', '/home/clawMachine/miniforge3/envs/ros_env'), ('GSETTINGS_SCHEMA_DIR_CONDA_BACKUP', ''), ('CONDA_TOOLCHAIN_HOST', 'x86_64-conda-linux-gnu'), ('LC_PAPER', 'de_DE.UTF-8'), ('host_alias', 'x86_64-conda-linux-gnu'), ('FORTRANFLAGS', '-march=nocona -mtune=haswell -ftree-vectorize -fPIC -fstack-protector-strong -fno-plt -O2 -ffunction-sections -pipe -isystem /home/clawMachine/miniforge3/envs/ros_env/include'), ('CC', '/home/clawMachine/miniforge3/envs/ros_env/bin/x86_64-conda-linux-gnu-cc'), ('RANLIB', '/home/clawMachine/miniforge3/envs/ros_env/bin/x86_64-conda-linux-gnu-ranlib'), ('COLCON', '1'), ('VTE_VERSION', '6003'), ('CXX_FOR_BUILD', '/home/clawMachine/miniforge3/envs/ros_env/bin/x86_64-conda-linux-gnu-c++'), ('CMAKE_PREFIX_PATH', '/home/clawMachine/miniforge3/envs/ros_env:/home/clawMachine/miniforge3/envs/ros_env/x86_64-conda-linux-gnu/sysroot/usr'), ('NM', '/home/clawMachine/miniforge3/envs/ros_env/bin/x86_64-conda-linux-gnu-nm'), ('OBJDUMP', '/home/clawMachine/miniforge3/envs/ros_env/bin/x86_64-conda-linux-gnu-objdump')]), 'shell': False}
[12.287289] (claw_machine_msgs) StdoutLine: {'line': b'-- Install configuration: ""\n'}
[12.287479] (claw_machine_msgs) StdoutLine: {'line': b'-- Installing: /home/clawMachine/code/claw_machine_ros2/install/claw_machine_msgs/share/ament_index/resource_index/rosidl_interfaces/claw_machine_msgs\n'}
[12.287604] (claw_machine_msgs) StdoutLine: {'line': b'-- Up-to-date: /home/clawMachine/code/claw_machine_ros2/install/claw_machine_msgs/include/claw_machine_msgs/claw_machine_msgs\n'}
[12.287667] (claw_machine_msgs) StdoutLine: {'line': b'-- Up-to-date: /home/clawMachine/code/claw_machine_ros2/install/claw_machine_msgs/include/claw_machine_msgs/claw_machine_msgs/msg\n'}
[12.287725] (claw_machine_msgs) StdoutLine: {'line': b'-- Installing: /home/clawMachine/code/claw_machine_ros2/install/claw_machine_msgs/include/claw_machine_msgs/claw_machine_msgs/msg/rosidl_generator_c__visibility_control.h\n'}
[12.287780] (claw_machine_msgs) StdoutLine: {'line': b'-- Installing: /home/clawMachine/code/claw_machine_ros2/install/claw_machine_msgs/include/claw_machine_msgs/claw_machine_msgs/msg/position.h\n'}
[12.287838] (claw_machine_msgs) StdoutLine: {'line': b'-- Up-to-date: /home/clawMachine/code/claw_machine_ros2/install/claw_machine_msgs/include/claw_machine_msgs/claw_machine_msgs/msg/detail\n'}
[12.287886] (claw_machine_msgs) StdoutLine: {'line': b'-- Installing: /home/clawMachine/code/claw_machine_ros2/install/claw_machine_msgs/include/claw_machine_msgs/claw_machine_msgs/msg/detail/position__struct.h\n'}
[12.287982] (claw_machine_msgs) StdoutLine: {'line': b'-- Installing: /home/clawMachine/code/claw_machine_ros2/install/claw_machine_msgs/include/claw_machine_msgs/claw_machine_msgs/msg/detail/position__functions.h\n'}
[12.288068] (claw_machine_msgs) StdoutLine: {'line': b'-- Installing: /home/clawMachine/code/claw_machine_ros2/install/claw_machine_msgs/include/claw_machine_msgs/claw_machine_msgs/msg/detail/position__type_support.h\n'}
[12.288127] (claw_machine_msgs) StdoutLine: {'line': b'-- Installing: /home/clawMachine/code/claw_machine_ros2/install/claw_machine_msgs/include/claw_machine_msgs/claw_machine_msgs/msg/detail/position__functions.c\n'}
[12.288373] (claw_machine_msgs) StdoutLine: {'line': b'-- Installing: /home/clawMachine/code/claw_machine_ros2/install/claw_machine_msgs/lib/libclaw_machine_msgs__rosidl_generator_c.so\n'}
[12.288557] (claw_machine_msgs) StdoutLine: {'line': b'-- Up-to-date: /home/clawMachine/code/claw_machine_ros2/install/claw_machine_msgs/include/claw_machine_msgs/claw_machine_msgs\n'}
[12.288633] (claw_machine_msgs) StdoutLine: {'line': b'-- Up-to-date: /home/clawMachine/code/claw_machine_ros2/install/claw_machine_msgs/include/claw_machine_msgs/claw_machine_msgs/msg\n'}
[12.288711] (claw_machine_msgs) StdoutLine: {'line': b'-- Installing: /home/clawMachine/code/claw_machine_ros2/install/claw_machine_msgs/include/claw_machine_msgs/claw_machine_msgs/msg/rosidl_typesupport_fastrtps_c__visibility_control.h\n'}
[12.288785] (claw_machine_msgs) StdoutLine: {'line': b'-- Up-to-date: /home/clawMachine/code/claw_machine_ros2/install/claw_machine_msgs/include/claw_machine_msgs/claw_machine_msgs/msg/detail\n'}
[12.288828] (claw_machine_msgs) StdoutLine: {'line': b'-- Installing: /home/clawMachine/code/claw_machine_ros2/install/claw_machine_msgs/include/claw_machine_msgs/claw_machine_msgs/msg/detail/position__rosidl_typesupport_fastrtps_c.h\n'}
[12.289042] (claw_machine_msgs) StdoutLine: {'line': b'-- Installing: /home/clawMachine/code/claw_machine_ros2/install/claw_machine_msgs/lib/libclaw_machine_msgs__rosidl_typesupport_fastrtps_c.so\n'}
[12.289348] (claw_machine_msgs) StdoutLine: {'line': b'-- Set non-toolchain portion of runtime path of "/home/clawMachine/code/claw_machine_ros2/install/claw_machine_msgs/lib/libclaw_machine_msgs__rosidl_typesupport_fastrtps_c.so" to ""\n'}
[12.289407] (claw_machine_msgs) StdoutLine: {'line': b'-- Up-to-date: /home/clawMachine/code/claw_machine_ros2/install/claw_machine_msgs/include/claw_machine_msgs/claw_machine_msgs\n'}
[12.289464] (claw_machine_msgs) StdoutLine: {'line': b'-- Up-to-date: /home/clawMachine/code/claw_machine_ros2/install/claw_machine_msgs/include/claw_machine_msgs/claw_machine_msgs/msg\n'}
[12.289507] (claw_machine_msgs) StdoutLine: {'line': b'-- Installing: /home/clawMachine/code/claw_machine_ros2/install/claw_machine_msgs/include/claw_machine_msgs/claw_machine_msgs/msg/position.hpp\n'}
[12.289562] (claw_machine_msgs) StdoutLine: {'line': b'-- Up-to-date: /home/clawMachine/code/claw_machine_ros2/install/claw_machine_msgs/include/claw_machine_msgs/claw_machine_msgs/msg/detail\n'}
[12.289618] (claw_machine_msgs) StdoutLine: {'line': b'-- Installing: /home/clawMachine/code/claw_machine_ros2/install/claw_machine_msgs/include/claw_machine_msgs/claw_machine_msgs/msg/detail/position__traits.hpp\n'}
[12.289677] (claw_machine_msgs) StdoutLine: {'line': b'-- Installing: /home/clawMachine/code/claw_machine_ros2/install/claw_machine_msgs/include/claw_machine_msgs/claw_machine_msgs/msg/detail/position__struct.hpp\n'}
[12.289755] (claw_machine_msgs) StdoutLine: {'line': b'-- Installing: /home/clawMachine/code/claw_machine_ros2/install/claw_machine_msgs/include/claw_machine_msgs/claw_machine_msgs/msg/detail/position__builder.hpp\n'}
[12.289868] (claw_machine_msgs) StdoutLine: {'line': b'-- Up-to-date: /home/clawMachine/code/claw_machine_ros2/install/claw_machine_msgs/include/claw_machine_msgs/claw_machine_msgs\n'}
[12.289927] (claw_machine_msgs) StdoutLine: {'line': b'-- Up-to-date: /home/clawMachine/code/claw_machine_ros2/install/claw_machine_msgs/include/claw_machine_msgs/claw_machine_msgs/msg\n'}
[12.289988] (claw_machine_msgs) StdoutLine: {'line': b'-- Installing: /home/clawMachine/code/claw_machine_ros2/install/claw_machine_msgs/include/claw_machine_msgs/claw_machine_msgs/msg/rosidl_typesupport_fastrtps_cpp__visibility_control.h\n'}
[12.290044] (claw_machine_msgs) StdoutLine: {'line': b'-- Up-to-date: /home/clawMachine/code/claw_machine_ros2/install/claw_machine_msgs/include/claw_machine_msgs/claw_machine_msgs/msg/detail\n'}
[12.290103] (claw_machine_msgs) StdoutLine: {'line': b'-- Installing: /home/clawMachine/code/claw_machine_ros2/install/claw_machine_msgs/include/claw_machine_msgs/claw_machine_msgs/msg/detail/position__rosidl_typesupport_fastrtps_cpp.hpp\n'}
[12.290167] (claw_machine_msgs) StdoutLine: {'line': b'-- Installing: /home/clawMachine/code/claw_machine_ros2/install/claw_machine_msgs/include/claw_machine_msgs/claw_machine_msgs/msg/detail/dds_fastrtps\n'}
[12.290461] (claw_machine_msgs) StdoutLine: {'line': b'-- Installing: /home/clawMachine/code/claw_machine_ros2/install/claw_machine_msgs/lib/libclaw_machine_msgs__rosidl_typesupport_fastrtps_cpp.so\n'}
[12.290603] (claw_machine_msgs) StdoutLine: {'line': b'-- Up-to-date: /home/clawMachine/code/claw_machine_ros2/install/claw_machine_msgs/include/claw_machine_msgs/claw_machine_msgs\n'}
[12.290679] (claw_machine_msgs) StdoutLine: {'line': b'-- Up-to-date: /home/clawMachine/code/claw_machine_ros2/install/claw_machine_msgs/include/claw_machine_msgs/claw_machine_msgs/msg\n'}
[12.290722] (claw_machine_msgs) StdoutLine: {'line': b'-- Installing: /home/clawMachine/code/claw_machine_ros2/install/claw_machine_msgs/include/claw_machine_msgs/claw_machine_msgs/msg/rosidl_typesupport_introspection_c__visibility_control.h\n'}
[12.290780] (claw_machine_msgs) StdoutLine: {'line': b'-- Up-to-date: /home/clawMachine/code/claw_machine_ros2/install/claw_machine_msgs/include/claw_machine_msgs/claw_machine_msgs/msg/detail\n'}
[12.290838] (claw_machine_msgs) StdoutLine: {'line': b'-- Installing: /home/clawMachine/code/claw_machine_ros2/install/claw_machine_msgs/include/claw_machine_msgs/claw_machine_msgs/msg/detail/position__type_support.c\n'}
[12.290901] (claw_machine_msgs) StdoutLine: {'line': b'-- Installing: /home/clawMachine/code/claw_machine_ros2/install/claw_machine_msgs/include/claw_machine_msgs/claw_machine_msgs/msg/detail/position__rosidl_typesupport_introspection_c.h\n'}
[12.291192] (claw_machine_msgs) StdoutLine: {'line': b'-- Installing: /home/clawMachine/code/claw_machine_ros2/install/claw_machine_msgs/lib/libclaw_machine_msgs__rosidl_typesupport_introspection_c.so\n'}
[12.291446] (claw_machine_msgs) StdoutLine: {'line': b'-- Set non-toolchain portion of runtime path of "/home/clawMachine/code/claw_machine_ros2/install/claw_machine_msgs/lib/libclaw_machine_msgs__rosidl_typesupport_introspection_c.so" to ""\n'}
[12.291700] (claw_machine_msgs) StdoutLine: {'line': b'-- Installing: /home/clawMachine/code/claw_machine_ros2/install/claw_machine_msgs/lib/libclaw_machine_msgs__rosidl_typesupport_c.so\n'}
[12.291920] (claw_machine_msgs) StdoutLine: {'line': b'-- Set non-toolchain portion of runtime path of "/home/clawMachine/code/claw_machine_ros2/install/claw_machine_msgs/lib/libclaw_machine_msgs__rosidl_typesupport_c.so" to ""\n'}
[12.291981] (claw_machine_msgs) StdoutLine: {'line': b'-- Up-to-date: /home/clawMachine/code/claw_machine_ros2/install/claw_machine_msgs/include/claw_machine_msgs/claw_machine_msgs\n'}
[12.292048] (claw_machine_msgs) StdoutLine: {'line': b'-- Up-to-date: /home/clawMachine/code/claw_machine_ros2/install/claw_machine_msgs/include/claw_machine_msgs/claw_machine_msgs/msg\n'}
[12.292104] (claw_machine_msgs) StdoutLine: {'line': b'-- Up-to-date: /home/clawMachine/code/claw_machine_ros2/install/claw_machine_msgs/include/claw_machine_msgs/claw_machine_msgs/msg/detail\n'}
[12.292150] (claw_machine_msgs) StdoutLine: {'line': b'-- Installing: /home/clawMachine/code/claw_machine_ros2/install/claw_machine_msgs/include/claw_machine_msgs/claw_machine_msgs/msg/detail/position__rosidl_typesupport_introspection_cpp.hpp\n'}
[12.292205] (claw_machine_msgs) StdoutLine: {'line': b'-- Installing: /home/clawMachine/code/claw_machine_ros2/install/claw_machine_msgs/include/claw_machine_msgs/claw_machine_msgs/msg/detail/position__type_support.cpp\n'}
[12.292488] (claw_machine_msgs) StdoutLine: {'line': b'-- Installing: /home/clawMachine/code/claw_machine_ros2/install/claw_machine_msgs/lib/libclaw_machine_msgs__rosidl_typesupport_introspection_cpp.so\n'}
[12.292797] (claw_machine_msgs) StdoutLine: {'line': b'-- Installing: /home/clawMachine/code/claw_machine_ros2/install/claw_machine_msgs/lib/libclaw_machine_msgs__rosidl_typesupport_cpp.so\n'}
[12.292924] (claw_machine_msgs) StdoutLine: {'line': b'-- Installing: /home/clawMachine/code/claw_machine_ros2/install/claw_machine_msgs/share/claw_machine_msgs/environment/pythonpath.sh\n'}
[12.293038] (claw_machine_msgs) StdoutLine: {'line': b'-- Installing: /home/clawMachine/code/claw_machine_ros2/install/claw_machine_msgs/share/claw_machine_msgs/environment/pythonpath.dsv\n'}
[12.293143] (claw_machine_msgs) StdoutLine: {'line': b'-- Up-to-date: /home/clawMachine/code/claw_machine_ros2/install/claw_machine_msgs/lib/python3.11/site-packages/claw_machine_msgs-0.0.0-py3.11.egg-info\n'}
[12.293199] (claw_machine_msgs) StdoutLine: {'line': b'-- Installing: /home/clawMachine/code/claw_machine_ros2/install/claw_machine_msgs/lib/python3.11/site-packages/claw_machine_msgs-0.0.0-py3.11.egg-info/PKG-INFO\n'}
[12.293274] (claw_machine_msgs) StdoutLine: {'line': b'-- Installing: /home/clawMachine/code/claw_machine_ros2/install/claw_machine_msgs/lib/python3.11/site-packages/claw_machine_msgs-0.0.0-py3.11.egg-info/top_level.txt\n'}
[12.293359] (claw_machine_msgs) StdoutLine: {'line': b'-- Installing: /home/clawMachine/code/claw_machine_ros2/install/claw_machine_msgs/lib/python3.11/site-packages/claw_machine_msgs-0.0.0-py3.11.egg-info/SOURCES.txt\n'}
[12.293447] (claw_machine_msgs) StdoutLine: {'line': b'-- Installing: /home/clawMachine/code/claw_machine_ros2/install/claw_machine_msgs/lib/python3.11/site-packages/claw_machine_msgs-0.0.0-py3.11.egg-info/dependency_links.txt\n'}
[12.293563] (claw_machine_msgs) StdoutLine: {'line': b'-- Up-to-date: /home/clawMachine/code/claw_machine_ros2/install/claw_machine_msgs/lib/python3.11/site-packages/claw_machine_msgs\n'}
[12.293621] (claw_machine_msgs) StdoutLine: {'line': b'-- Installing: /home/clawMachine/code/claw_machine_ros2/install/claw_machine_msgs/lib/python3.11/site-packages/claw_machine_msgs/_claw_machine_msgs_s.ep.rosidl_typesupport_c.c\n'}
[12.293703] (claw_machine_msgs) StdoutLine: {'line': b'-- Installing: /home/clawMachine/code/claw_machine_ros2/install/claw_machine_msgs/lib/python3.11/site-packages/claw_machine_msgs/_claw_machine_msgs_s.ep.rosidl_typesupport_fastrtps_c.c\n'}
[12.293794] (claw_machine_msgs) StdoutLine: {'line': b'-- Installing: /home/clawMachine/code/claw_machine_ros2/install/claw_machine_msgs/lib/python3.11/site-packages/claw_machine_msgs/claw_machine_msgs_s__rosidl_typesupport_introspection_c.cpython-311-x86_64-linux-gnu.so\n'}
[12.293893] (claw_machine_msgs) StdoutLine: {'line': b'-- Installing: /home/clawMachine/code/claw_machine_ros2/install/claw_machine_msgs/lib/python3.11/site-packages/claw_machine_msgs/__init__.py\n'}
[12.293967] (claw_machine_msgs) StdoutLine: {'line': b'-- Installing: /home/clawMachine/code/claw_machine_ros2/install/claw_machine_msgs/lib/python3.11/site-packages/claw_machine_msgs/claw_machine_msgs_s__rosidl_typesupport_fastrtps_c.cpython-311-x86_64-linux-gnu.so\n'}
[12.294066] (claw_machine_msgs) StdoutLine: {'line': b'-- Up-to-date: /home/clawMachine/code/claw_machine_ros2/install/claw_machine_msgs/lib/python3.11/site-packages/claw_machine_msgs/msg\n'}
[12.294124] (claw_machine_msgs) StdoutLine: {'line': b'-- Installing: /home/clawMachine/code/claw_machine_ros2/install/claw_machine_msgs/lib/python3.11/site-packages/claw_machine_msgs/msg/__init__.py\n'}
[12.294196] (claw_machine_msgs) StdoutLine: {'line': b'-- Installing: /home/clawMachine/code/claw_machine_ros2/install/claw_machine_msgs/lib/python3.11/site-packages/claw_machine_msgs/msg/_position.py\n'}
[12.294286] (claw_machine_msgs) StdoutLine: {'line': b'-- Installing: /home/clawMachine/code/claw_machine_ros2/install/claw_machine_msgs/lib/python3.11/site-packages/claw_machine_msgs/msg/_position_s.c\n'}
[12.294376] (claw_machine_msgs) StdoutLine: {'line': b'-- Installing: /home/clawMachine/code/claw_machine_ros2/install/claw_machine_msgs/lib/python3.11/site-packages/claw_machine_msgs/_claw_machine_msgs_s.ep.rosidl_typesupport_introspection_c.c\n'}
[12.294465] (claw_machine_msgs) StdoutLine: {'line': b'-- Installing: /home/clawMachine/code/claw_machine_ros2/install/claw_machine_msgs/lib/python3.11/site-packages/claw_machine_msgs/claw_machine_msgs_s__rosidl_typesupport_c.cpython-311-x86_64-linux-gnu.so\n'}
[12.294563] (claw_machine_msgs) StdoutLine: {'line': b'-- Installing: /home/clawMachine/code/claw_machine_ros2/install/claw_machine_msgs/lib/python3.11/site-packages/claw_machine_msgs/libclaw_machine_msgs__rosidl_generator_py.so\n'}
[12.324439] (-) TimerEvent: {}
[12.341555] (claw_machine_msgs) StdoutLine: {'line': b"Listing 'lib/python3.11/site-packages/claw_machine_msgs'...\n"}
[12.341695] (claw_machine_msgs) StdoutLine: {'line': b"Can't list 'lib/python3.11/site-packages/claw_machine_msgs'\n"}
[12.345832] (claw_machine_msgs) StdoutLine: {'line': b'-- Installing: /home/clawMachine/code/claw_machine_ros2/install/claw_machine_msgs/lib/python3.11/site-packages/claw_machine_msgs/claw_machine_msgs_s__rosidl_typesupport_fastrtps_c.cpython-311-x86_64-linux-gnu.so\n'}
[12.346109] (claw_machine_msgs) StdoutLine: {'line': b'-- Set non-toolchain portion of runtime path of "/home/clawMachine/code/claw_machine_ros2/install/claw_machine_msgs/lib/python3.11/site-packages/claw_machine_msgs/claw_machine_msgs_s__rosidl_typesupport_fastrtps_c.cpython-311-x86_64-linux-gnu.so" to ""\n'}
[12.346378] (claw_machine_msgs) StdoutLine: {'line': b'-- Installing: /home/clawMachine/code/claw_machine_ros2/install/claw_machine_msgs/lib/python3.11/site-packages/claw_machine_msgs/claw_machine_msgs_s__rosidl_typesupport_introspection_c.cpython-311-x86_64-linux-gnu.so\n'}
[12.346637] (claw_machine_msgs) StdoutLine: {'line': b'-- Set non-toolchain portion of runtime path of "/home/clawMachine/code/claw_machine_ros2/install/claw_machine_msgs/lib/python3.11/site-packages/claw_machine_msgs/claw_machine_msgs_s__rosidl_typesupport_introspection_c.cpython-311-x86_64-linux-gnu.so" to ""\n'}
[12.346888] (claw_machine_msgs) StdoutLine: {'line': b'-- Installing: /home/clawMachine/code/claw_machine_ros2/install/claw_machine_msgs/lib/python3.11/site-packages/claw_machine_msgs/claw_machine_msgs_s__rosidl_typesupport_c.cpython-311-x86_64-linux-gnu.so\n'}
[12.347143] (claw_machine_msgs) StdoutLine: {'line': b'-- Set non-toolchain portion of runtime path of "/home/clawMachine/code/claw_machine_ros2/install/claw_machine_msgs/lib/python3.11/site-packages/claw_machine_msgs/claw_machine_msgs_s__rosidl_typesupport_c.cpython-311-x86_64-linux-gnu.so" to ""\n'}
[12.347403] (claw_machine_msgs) StdoutLine: {'line': b'-- Installing: /home/clawMachine/code/claw_machine_ros2/install/claw_machine_msgs/lib/libclaw_machine_msgs__rosidl_generator_py.so\n'}
[12.347621] (claw_machine_msgs) StdoutLine: {'line': b'-- Set non-toolchain portion of runtime path of "/home/clawMachine/code/claw_machine_ros2/install/claw_machine_msgs/lib/libclaw_machine_msgs__rosidl_generator_py.so" to ""\n'}
[12.347684] (claw_machine_msgs) StdoutLine: {'line': b'-- Installing: /home/clawMachine/code/claw_machine_ros2/install/claw_machine_msgs/share/claw_machine_msgs/msg/Position.idl\n'}
[12.347803] (claw_machine_msgs) StdoutLine: {'line': b'-- Up-to-date: /home/clawMachine/code/claw_machine_ros2/install/claw_machine_msgs/share/claw_machine_msgs/msg/Position.msg\n'}
[12.347870] (claw_machine_msgs) StdoutLine: {'line': b'-- Installing: /home/clawMachine/code/claw_machine_ros2/install/claw_machine_msgs/share/ament_index/resource_index/package_run_dependencies/claw_machine_msgs\n'}
[12.348020] (claw_machine_msgs) StdoutLine: {'line': b'-- Installing: /home/clawMachine/code/claw_machine_ros2/install/claw_machine_msgs/share/ament_index/resource_index/parent_prefix_path/claw_machine_msgs\n'}
[12.348159] (claw_machine_msgs) StdoutLine: {'line': b'-- Installing: /home/clawMachine/code/claw_machine_ros2/install/claw_machine_msgs/share/claw_machine_msgs/environment/ament_prefix_path.sh\n'}
[12.348226] (claw_machine_msgs) StdoutLine: {'line': b'-- Installing: /home/clawMachine/code/claw_machine_ros2/install/claw_machine_msgs/share/claw_machine_msgs/environment/ament_prefix_path.dsv\n'}
[12.348293] (claw_machine_msgs) StdoutLine: {'line': b'-- Installing: /home/clawMachine/code/claw_machine_ros2/install/claw_machine_msgs/share/claw_machine_msgs/environment/path.sh\n'}
[12.348396] (claw_machine_msgs) StdoutLine: {'line': b'-- Installing: /home/clawMachine/code/claw_machine_ros2/install/claw_machine_msgs/share/claw_machine_msgs/environment/path.dsv\n'}
[12.348553] (claw_machine_msgs) StdoutLine: {'line': b'-- Installing: /home/clawMachine/code/claw_machine_ros2/install/claw_machine_msgs/share/claw_machine_msgs/local_setup.bash\n'}
[12.348659] (claw_machine_msgs) StdoutLine: {'line': b'-- Installing: /home/clawMachine/code/claw_machine_ros2/install/claw_machine_msgs/share/claw_machine_msgs/local_setup.sh\n'}
[12.348763] (claw_machine_msgs) StdoutLine: {'line': b'-- Installing: /home/clawMachine/code/claw_machine_ros2/install/claw_machine_msgs/share/claw_machine_msgs/local_setup.zsh\n'}
[12.348877] (claw_machine_msgs) StdoutLine: {'line': b'-- Installing: /home/clawMachine/code/claw_machine_ros2/install/claw_machine_msgs/share/claw_machine_msgs/local_setup.dsv\n'}
[12.348962] (claw_machine_msgs) StdoutLine: {'line': b'-- Installing: /home/clawMachine/code/claw_machine_ros2/install/claw_machine_msgs/share/claw_machine_msgs/package.dsv\n'}
[12.349063] (claw_machine_msgs) StdoutLine: {'line': b'-- Installing: /home/clawMachine/code/claw_machine_ros2/install/claw_machine_msgs/share/ament_index/resource_index/packages/claw_machine_msgs\n'}
[12.349237] (claw_machine_msgs) StdoutLine: {'line': b'-- Installing: /home/clawMachine/code/claw_machine_ros2/install/claw_machine_msgs/share/claw_machine_msgs/cmake/export_claw_machine_msgs__rosidl_generator_cExport.cmake\n'}
[12.349356] (claw_machine_msgs) StdoutLine: {'line': b'-- Installing: /home/clawMachine/code/claw_machine_ros2/install/claw_machine_msgs/share/claw_machine_msgs/cmake/export_claw_machine_msgs__rosidl_generator_cExport-noconfig.cmake\n'}
[12.349517] (claw_machine_msgs) StdoutLine: {'line': b'-- Installing: /home/clawMachine/code/claw_machine_ros2/install/claw_machine_msgs/share/claw_machine_msgs/cmake/export_claw_machine_msgs__rosidl_typesupport_fastrtps_cExport.cmake\n'}
[12.349706] (claw_machine_msgs) StdoutLine: {'line': b'-- Installing: /home/clawMachine/code/claw_machine_ros2/install/claw_machine_msgs/share/claw_machine_msgs/cmake/export_claw_machine_msgs__rosidl_typesupport_fastrtps_cExport-noconfig.cmake\n'}
[12.349838] (claw_machine_msgs) StdoutLine: {'line': b'-- Installing: /home/clawMachine/code/claw_machine_ros2/install/claw_machine_msgs/share/claw_machine_msgs/cmake/export_claw_machine_msgs__rosidl_generator_cppExport.cmake\n'}
[12.349997] (claw_machine_msgs) StdoutLine: {'line': b'-- Installing: /home/clawMachine/code/claw_machine_ros2/install/claw_machine_msgs/share/claw_machine_msgs/cmake/export_claw_machine_msgs__rosidl_typesupport_fastrtps_cppExport.cmake\n'}
[12.350130] (claw_machine_msgs) StdoutLine: {'line': b'-- Installing: /home/clawMachine/code/claw_machine_ros2/install/claw_machine_msgs/share/claw_machine_msgs/cmake/export_claw_machine_msgs__rosidl_typesupport_fastrtps_cppExport-noconfig.cmake\n'}
[12.350282] (claw_machine_msgs) StdoutLine: {'line': b'-- Installing: /home/clawMachine/code/claw_machine_ros2/install/claw_machine_msgs/share/claw_machine_msgs/cmake/claw_machine_msgs__rosidl_typesupport_introspection_cExport.cmake\n'}
[12.350395] (claw_machine_msgs) StdoutLine: {'line': b'-- Installing: /home/clawMachine/code/claw_machine_ros2/install/claw_machine_msgs/share/claw_machine_msgs/cmake/claw_machine_msgs__rosidl_typesupport_introspection_cExport-noconfig.cmake\n'}
[12.350558] (claw_machine_msgs) StdoutLine: {'line': b'-- Installing: /home/clawMachine/code/claw_machine_ros2/install/claw_machine_msgs/share/claw_machine_msgs/cmake/claw_machine_msgs__rosidl_typesupport_cExport.cmake\n'}
[12.350662] (claw_machine_msgs) StdoutLine: {'line': b'-- Installing: /home/clawMachine/code/claw_machine_ros2/install/claw_machine_msgs/share/claw_machine_msgs/cmake/claw_machine_msgs__rosidl_typesupport_cExport-noconfig.cmake\n'}
[12.350818] (claw_machine_msgs) StdoutLine: {'line': b'-- Installing: /home/clawMachine/code/claw_machine_ros2/install/claw_machine_msgs/share/claw_machine_msgs/cmake/claw_machine_msgs__rosidl_typesupport_introspection_cppExport.cmake\n'}
[12.350956] (claw_machine_msgs) StdoutLine: {'line': b'-- Installing: /home/clawMachine/code/claw_machine_ros2/install/claw_machine_msgs/share/claw_machine_msgs/cmake/claw_machine_msgs__rosidl_typesupport_introspection_cppExport-noconfig.cmake\n'}
[12.351096] (claw_machine_msgs) StdoutLine: {'line': b'-- Installing: /home/clawMachine/code/claw_machine_ros2/install/claw_machine_msgs/share/claw_machine_msgs/cmake/claw_machine_msgs__rosidl_typesupport_cppExport.cmake\n'}
[12.351246] (claw_machine_msgs) StdoutLine: {'line': b'-- Installing: /home/clawMachine/code/claw_machine_ros2/install/claw_machine_msgs/share/claw_machine_msgs/cmake/claw_machine_msgs__rosidl_typesupport_cppExport-noconfig.cmake\n'}
[12.351372] (claw_machine_msgs) StdoutLine: {'line': b'-- Installing: /home/clawMachine/code/claw_machine_ros2/install/claw_machine_msgs/share/claw_machine_msgs/cmake/export_claw_machine_msgs__rosidl_generator_pyExport.cmake\n'}
[12.351484] (claw_machine_msgs) StdoutLine: {'line': b'-- Installing: /home/clawMachine/code/claw_machine_ros2/install/claw_machine_msgs/share/claw_machine_msgs/cmake/export_claw_machine_msgs__rosidl_generator_pyExport-noconfig.cmake\n'}
[12.351576] (claw_machine_msgs) StdoutLine: {'line': b'-- Installing: /home/clawMachine/code/claw_machine_ros2/install/claw_machine_msgs/share/claw_machine_msgs/cmake/rosidl_cmake-extras.cmake\n'}
[12.351691] (claw_machine_msgs) StdoutLine: {'line': b'-- Installing: /home/clawMachine/code/claw_machine_ros2/install/claw_machine_msgs/share/claw_machine_msgs/cmake/ament_cmake_export_dependencies-extras.cmake\n'}
[12.351805] (claw_machine_msgs) StdoutLine: {'line': b'-- Installing: /home/clawMachine/code/claw_machine_ros2/install/claw_machine_msgs/share/claw_machine_msgs/cmake/ament_cmake_export_include_directories-extras.cmake\n'}
[12.351920] (claw_machine_msgs) StdoutLine: {'line': b'-- Installing: /home/clawMachine/code/claw_machine_ros2/install/claw_machine_msgs/share/claw_machine_msgs/cmake/ament_cmake_export_libraries-extras.cmake\n'}
[12.352048] (claw_machine_msgs) StdoutLine: {'line': b'-- Installing: /home/clawMachine/code/claw_machine_ros2/install/claw_machine_msgs/share/claw_machine_msgs/cmake/ament_cmake_export_targets-extras.cmake\n'}
[12.352154] (claw_machine_msgs) StdoutLine: {'line': b'-- Installing: /home/clawMachine/code/claw_machine_ros2/install/claw_machine_msgs/share/claw_machine_msgs/cmake/rosidl_cmake_export_typesupport_targets-extras.cmake\n'}
[12.352294] (claw_machine_msgs) StdoutLine: {'line': b'-- Installing: /home/clawMachine/code/claw_machine_ros2/install/claw_machine_msgs/share/claw_machine_msgs/cmake/rosidl_cmake_export_typesupport_libraries-extras.cmake\n'}
[12.352382] (claw_machine_msgs) StdoutLine: {'line': b'-- Installing: /home/clawMachine/code/claw_machine_ros2/install/claw_machine_msgs/share/claw_machine_msgs/cmake/claw_machine_msgsConfig.cmake\n'}
[12.352470] (claw_machine_msgs) StdoutLine: {'line': b'-- Installing: /home/clawMachine/code/claw_machine_ros2/install/claw_machine_msgs/share/claw_machine_msgs/cmake/claw_machine_msgsConfig-version.cmake\n'}
[12.352577] (claw_machine_msgs) StdoutLine: {'line': b'-- Up-to-date: /home/clawMachine/code/claw_machine_ros2/install/claw_machine_msgs/share/claw_machine_msgs/package.xml\n'}
[12.353918] (claw_machine_msgs) CommandEnded: {'returncode': 0}
[12.424586] (-) TimerEvent: {}
[12.431742] (claw_machine_msgs) JobEnded: {'identifier': 'claw_machine_msgs', 'rc': 0}
[12.433458] (-) EventReactorShutdown: {}
